station_code,location,state,temperature_c,do_mg_l,ph,conductivity_umhos_cm,bod_mg_l,nitrate_nitrite_mg_l,fecal_coliform_mpn_100ml,total_coliform_mpn_100ml,year
1399,"ZUARI AT D/S OF PT. WHERE KUMBARJRIA CANAL JOINS, GOA",GOA,29.8,5.7,7.2,189.0,2.0,0.2,4953.0,8391.0,2014
1475,ZUARI AT PANCHAWADI,GOA,29.5,6.3,6.9,179.0,1.7,0.1,3243.0,5330.0,2014
3181,RIVER ZUARI AT BORIM BRIDGE,GOA,29.7,5.8,6.9,64.0,3.8,0.5,5382.0,8443.0,2014
3182,RIVER ZUARI AT MARCAIM JETTY,GOA,29.5,5.8,7.3,83.0,1.9,0.4,3428.0,5500.0,2014
1400,"MANDOVI AT NEGHBOURHOOD OF PANAJI, GOA",GOA,30.0,5.5,7.4,81.0,1.5,0.1,2853.0,4049.0,2014
1476,"MANDOVI AT TONCA, MARCELA, GOA",GOA,29.2,6.1,6.7,308.0,1.4,0.3,3355.0,5672.0,2014
3185,RIVER MANDOVI AT AMONA BRIDGE,GOA,29.6,6.4,6.7,414.0,1.0,0.2,6073.0,9423.0,2014
3186,RIVER MANDOVI AT IFFI JETTY,GOA,30.0,6.4,7.6,305.0,2.2,0.1,3478.0,4990.0,2014
3187,RIVER MANDOVI NEAR HOTEL MARRIOT,GOA,30.1,6.3,7.6,77.0,2.3,0.1,2606.0,4301.0,2014
1543,"RIVER KALNA AT CHANDELNAN PERNEM, GOA",GOA,27.8,7.1,7.1,176.0,1.2,0.1,4573.0,7817.0,2014
1548,"RIVER ASSONORA AT ASSONORA, GOA",GOA,27.9,6.7,6.4,93.0,1.4,0.1,2147.0,3433.0,2014
2276,"RIVER BICHOLIM VARAZAN NAGAR , BICHOLIM",GOA,29.3,7.4,6.8,121.0,1.7,0.4,11633.0,18125.0,2014
2275,"RIVER CHAPORA NEAR ALORNA FORT ,PERNEM",GOA,29.2,6.9,7.0,620.0,1.1,0.1,3500.0,6300.0,2014
3189,RIVER CHAPORA AT SIOLIM,GOA,30.0,6.0,7.5,72.0,1.6,0.2,4995.0,9517.0,2014
1546,"RIVER KHANDEPAR AT OPA NAN PONDA, GOA",GOA,29.0,7.3,7.0,247.0,1.5,0.2,1095.0,2453.0,2014
2270,"RIVER KHANDEPAR AT CODLI NEAR BRIDGE ,U/S OPA WATERWORKS,SANGUEM",GOA,29.1,7.3,7.0,188.0,1.0,0.1,1286.0,3048.0,2014
2272,"RIVER KUSHAWATI NEAR BUND AT KEVONA,RIVON,SANGUEM",GOA,28.7,7.0,6.9,224.0,1.2,0.3,3896.0,6742.0,2014
1545,"RIVER MADAI AT DABOS NAN VALPOI, GOA",GOA,28.7,7.3,6.7,144.0,1.5,0.1,1940.0,3052.0,2014
2274,RIVER MAPUSA ON CULVERT ON HIGHWAY MAPUSANANPANAJI,GOA,29.5,5.3,6.8,319.0,1.8,0.3,6458.0,10250.0,2014
2271,"RIVER SAL PAZORKHONI,CUNCOLIM(NEAR CULVERT MARGAONAN CANACONA NATIONAL HIGHWAY)",GOA,29.0,6.3,6.4,79.0,1.6,1.4,7592.0,12842.0,2014
2273,"RIVER SAL NEAR HOTEL LEELA MOBOR,CAVELOSSIM",GOA,29.4,5.4,7.6,39.0,1.4,0.1,3176.0,6367.0,2014
3183,"RIVER SAL AT KHAREBAND, MARGAO",GOA,28.3,2.2,6.5,322.0,4.7,1.2,11210.0,14920.0,2014
3184,"RIVER SAL AT ORLIM BRIDGE, ORLIM",GOA,30.1,5.2,7.1,192.0,2.6,0.3,5073.0,8925.0,2014
3190,RIVER SINQUERIM (CANDOLIM SIDE NEAR BRIDGE),GOA,30.3,5.6,7.5,282.0,1.8,0.1,3205.0,5082.0,2014
3191,RIVER SINQUERIM NEAR NERUL TEMPLE,GOA,30.5,5.5,7.4,275.0,1.5,0.1,4698.0,8625.0,2014
1547,"RIVER TALPONA AT CANACONA, GOA",GOA,29.1,7.3,6.7,55.0,1.4,0.1,2638.0,4003.0,2014
3188,RIVER TIRACOL AT TIRACOL,GOA,30.1,6.5,7.5,415.0,2.0,0.1,864.0,1538.0,2014
1544,"RIVER VALVANT AT SANKLI NAN BICHOLIM, GOA",GOA,29.2,7.2,6.3,100.0,1.5,0.1,7942.0,13575.0,2014
2651,"AMBA RIVER AT D/S OF WAKEN BRIDGENANU/S OF JS PETROCHEMICALS, WAKENPHATA, ROHA",MAHARASHTRA,25.1,6.6,7.8,95.0,4.9,0.2,16.0,36.0,2014
1461,"BHATSA AT D/S OF PISE DAM NEAR PISE VILLAGE (ULHAS), MAHARASHTRA",MAHARASHTRA,29.6,6.9,7.9,99.0,5.0,0.4,15.0,34.0,2014
2653,"BHATSA RIVER AT D/S OF LIBERTY OIL MILLS, SATNEL, SHAHAPUR, THANE",MAHARASHTRA,27.4,6.8,7.7,85.0,5.2,0.3,11.0,23.0,2014
2654,"BHATSA RIVER AT U/S OF LIBERTY OIL MILLS, SATNEL, SHAHAPUR, THANE",MAHARASHTRA,27.8,6.7,7.8,80.0,4.9,0.3,12.0,29.0,2014
1092,"KALU AT ATALE VILLAGE, MAHARASHTRA",MAHARASHTRA,30.6,5.1,7.3,3937.0,10.3,1.8,31.0,83.0,2014
2670,"KAN RIVER, NEAR SAKRI WATER WORKS, SAKRI, DHULE.",MAHARASHTRA,25.0,5.6,7.9,468.0,3.6,1.9,66.0,164.0,2014
1152,"KUNDALIKA AT ROHA CITY, MAHARASHTRA",MAHARASHTRA,25.0,6.4,7.6,541.0,5.7,0.6,23.0,45.0,2014
2198,KUNDALIKA RIVER AT ARE KHURD ( SALINE ZONE ),MAHARASHTRA,25.0,5.5,7.4,6166.0,7.7,1.1,44.0,67.0,2014
2671,"KUNDALIKA RIVER NEAR SALAV BRIDGE (SALINA ZONE), SALAV, ROHA, RAIGAD",MAHARASHTRA,25.3,5.3,7.7,24062.0,9.9,1.2,156.0,304.0,2014
2672,"KUNDALIKA RIVER AT DHATAV AT JACKWELL (DRINKING WATER PUMPING STATIONNANSWEET ZONE), ROHA",MAHARASHTRA,25.1,6.7,7.6,83.0,4.8,0.2,28.0,76.0,2014
2168,MITHI RIVER,MAHARASHTRA,26.1,3.6,7.4,4424.0,31.3,2.2,276.0,474.0,2014
2676,"MUCHKUNDI RIVER AT WAKED,RATNAGIRI, NEAR M/S ASAHI INDIA GLASS LTD., LANJA, RATNAGIRI.",MAHARASHTRA,21.4,7.2,7.7,226.0,3.1,0.8,221.0,130.0,2014
1151,"PATALGANGA AT SHILPHATA, MAHARASHTRA",MAHARASHTRA,27.4,5.9,7.4,268.0,6.4,0.4,37.0,68.0,2014
1462,"PATALGANGA NEAR INTAKE OF MIDC W/W, MAHARASHTRA",MAHARASHTRA,27.1,5.4,7.5,2413.0,7.4,1.5,59.0,116.0,2014
2685,"PATALGANGA RIVER AT D/S OF KHARPADA BRIDGE, RAIGAD.",MAHARASHTRA,27.2,5.8,7.3,384.0,5.4,0.6,37.0,78.0,2014
2686,"PATALGANGA RIVER AT VYAL PUMP HOUSE , KHALAPUR, RAIGAD.",MAHARASHTRA,27.3,5.9,7.4,269.0,5.1,1.2,34.0,60.0,2014
2687,"PATALGANGA RIVER AT KHALAPUR PUMPING STATION, KHALAPUR, RAIGAD.",MAHARASHTRA,27.0,6.0,7.3,269.0,8.5,0.4,32.0,58.0,2014
2688,"PATALGANGA RIVER AT SAVROLI BRIDGE, KHALAPUR, RAIGAD.",MAHARASHTRA,27.2,6.1,7.3,196.0,6.1,0.5,30.0,63.0,2014
2689,"PATALGANGA RIVER AT GAGANGIRI MAHARAJ TEMPLE, KHOPOLI, RAIGAD.",MAHARASHTRA,27.0,5.9,7.4,269.0,6.4,0.4,19.0,47.0,2014
2696,"PEHLAR DAM ON PEHLAR RIVER INLET OF WATER WORKS, VASAI, THANE.",MAHARASHTRA,22.6,6.3,7.8,223.0,4.6,0.9,15.0,32.0,2014
2199,SAVITRI RIVER AT OVALE VILLAGE.,MAHARASHTRA,28.4,6.7,7.3,9293.0,3.5,1.8,221.0,0.0,2014
2701,"SAVITRI RIVER JACKWELL AT UPSA KENDRE, NANGALWADI, MAHAD, RAIGAD",MAHARASHTRA,28.0,6.8,7.2,170.0,3.1,1.4,221.0,0.0,2014
2702,"SAVITRI RIVER AT SHEDAV DOH, MAHAD,RAIGAD",MAHARASHTRA,27.6,6.8,7.3,4175.0,3.3,1.6,221.0,0.0,2014
2703,"SAVITRI RIVER AT DADLI BRIDGE, DADLI, MAHAD, RAIGADH",MAHARASHTRA,27.9,6.9,7.3,4282.0,3.3,1.6,221.0,0.0,2014
2704,"SAVITRI RIVER AT MUTHAVALI VILLAGE, MAHAD, RAIGADH",MAHARASHTRA,28.1,6.9,7.3,5551.0,3.4,1.7,221.0,0.0,2014
2706,"SURYA RIVER, U/S OF SURYA DAM, DHAMMI, VIKRAMGAD, THANE",MAHARASHTRA,27.1,6.8,7.9,5390.0,4.9,0.8,15.0,28.0,2014
2707,"SURYA RIVER AT MIDC PUMPING STATION, GARVASHET, PALGHAR, THANE",MAHARASHTRA,27.6,6.6,8.1,161.0,4.6,0.3,16.0,32.0,2014
2708,"SURYA RIVER AT INTAKE OF VASAINANVIRAR W/S SCHEME, MASVAN, PALGHAR, THANE",MAHARASHTRA,27.3,6.7,8.0,138.0,5.0,0.3,14.0,33.0,2014
2709,"TANSA RIVER NEAR ROAD BRIDGE, VILLAGE DAKEWALI, WADA, THANE",MAHARASHTRA,27.8,6.7,7.8,81.0,4.9,0.3,14.0,35.0,2014
1093,"ULHAS AT U/S OF NRC BUND AT MOHANE, MAHARASHTRA",MAHARASHTRA,28.0,5.9,7.7,194.0,5.5,0.6,22.0,51.0,2014
1094,"ULHAS AT U/S OF BADLAPUR, MAHARASHTRA",MAHARASHTRA,28.1,6.3,7.6,186.0,4.6,0.6,13.0,31.0,2014
2162,ULHAS RIVER ATJAMBHUL WATER WORKS.,MAHARASHTRA,28.6,6.6,7.6,207.0,4.7,0.7,12.0,31.0,2014
2712,"VAITARNA RIVER NEAR ROAD BRIDGE, GANDHARE VILLAGE, WADA, THANE.",MAHARASHTRA,26.9,6.8,7.7,85.0,5.0,0.4,15.0,34.0,2014
2164,VASHISTI RIVER AT U/S OF THREE M PAPER MILLS NEAR M/S MULTIFILMS PLASTIC PVT. LTD. AT KHERDI.,MAHARASHTRA,23.0,7.1,7.4,176.0,2.7,0.9,221.0,30.0,2014
2713,"VASHISHTI RIVER AT D/S OF THREE M PAPER MILLS NEAR CHIPLUN WATER INTAKE JACKWELL, KHERDI, RATNAGIRI",MAHARASHTRA,23.0,7.0,7.4,178.0,2.7,0.9,221.0,40.0,2014
2714,"VASHISHTI RIVER AT U/S OF POPHALI NEAR KONPHANSAWANE BRIDGE, CHIPLUN, RATNAGIRI",MAHARASHTRA,23.0,7.2,7.2,180.0,2.7,1.0,221.0,70.0,2014
1342,"ACHENKOIL AT THUMPAMON, KERALA",KERALA,25.1,6.7,7.5,85.0,1.4,1.0,183.0,420.0,2014
1443,"ACHENKOIL AT CHENNITHULA, KERALA",KERALA,24.6,5.8,7.4,77.0,1.4,0.8,285.0,691.0,2014
3465,"ACHENKOIL AT KALLARAKADAVU, PATHANAMTHITTA",KERALA,25.7,6.6,7.5,75.0,1.4,0.7,183.0,448.0,2014
3466,"ACHENKOIL AT PANDALAM (NEAR AYYAPPA TEMPLE), PATHANAMTHITTA",KERALA,24.8,6.7,7.5,82.0,1.4,1.0,161.0,443.0,2014
2297,R ANCHARAKANDY AT MERUVAMBA,KERALA,27.3,6.7,6.9,56.0,0.9,0.2,82.0,172.0,2014
2319,R ANCHARAKANDY AT MERUVAMBA,KERALA,27.5,6.5,6.7,2240.0,1.2,0.2,136.0,304.0,2014
2286,R AYROOR AT AYROOR BRIDGE,KERALA,25.2,6.3,6.9,73.0,1.6,0.0,787.0,2008.0,2014
2331,R BHARATHAPUZHA AT KUTTIPPURAM,KERALA,29.9,7.0,7.4,130.0,0.7,0.1,301.0,590.0,2014
2332,R BHARATHAPUZHA AT PATTAMBI,KERALA,29.8,6.6,7.7,191.0,1.6,0.2,362.0,661.0,2014
1154,"CHALAKUDY AT PULICKALKANANDAVU, KERALA",KERALA,27.8,6.9,6.9,134.0,1.1,0.4,249.0,531.0,2014
20,"CHALIYAR AT KOOLIMADU, KERALA",KERALA,26.7,7.0,7.5,80.0,0.8,0.4,2573.0,3583.0,2014
21,"CHALIYAR AT CHUNGAPALLY, KERALA",KERALA,25.8,6.7,7.4,14526.0,0.8,0.6,1411.0,1969.0,2014
3464,"CHALIYAR AT NILAMBUR, MALAPPURAM",KERALA,26.4,7.2,7.4,82.0,0.7,0.5,840.0,1311.0,2014
1572,"CHANDRAGIRI AT PADIYATHADKA, KERALA",KERALA,29.8,7.5,7.2,67.0,1.1,0.1,76.0,590.0,2014
1573,"CHITRAPUZHA AT IRUMPANAM, KERALA",KERALA,28.6,3.0,6.6,965.0,1.7,1.2,247.0,530.0,2014
2295,R CORAPUZHA AT KANAYANKODE,KERALA,26.9,5.9,7.4,17990.0,0.7,0.5,1888.0,2803.0,2014
1564,"R ITHIKKARA AT AYUR, KERALA",KERALA,26.0,6.7,7.5,90.0,1.6,0.9,199.0,473.0,2014
2287,R ITHIKKARA AT ITHIKKARA,KERALA,23.6,6.1,7.4,4429.0,2.0,1.6,243.0,550.0,2014
1566,"R KADALUNDI AT THIRURANGADY, KERALA",KERALA,30.3,6.7,6.9,87.0,1.7,0.2,155.0,350.0,2014
2293,R KADALUNDI AT HAJIRAPPALLY,KERALA,30.7,6.9,6.8,85.0,1.6,0.2,82.0,206.0,2014
2337,R KADAMBAYAR AT BRAHMAPURAM,KERALA,28.7,2.1,6.8,101.0,1.6,0.8,431.0,694.0,2014
2338,R KADAMBAYAR AT MANCKAKADAVU,KERALA,28.2,2.5,6.9,83.0,1.9,0.3,353.0,656.0,2014
42,"KALLADA AT PERUMTHOTTAMKADAVU, PUNALOOR, KERALA",KERALA,24.8,7.2,7.6,75.0,1.4,1.0,188.0,426.0,2014
2294,R KALLAI AT KALLAI BRIDGE,KERALA,26.3,3.7,7.7,32005.0,1.2,0.9,40000.0,60392.0,2014
3460,"KALPATHI PUZHA AT KALPATHI, PALAKKAD",KERALA,29.2,6.1,7.6,281.0,1.2,0.7,384.0,718.0,2014
3458,KARAPUZHA DAM AT WAYANAD,KERALA,26.6,6.7,7.6,106.0,0.5,2.5,44.0,71.0,2014
1571,"R KARINGODE AT KAKKADAVU, KERALA",KERALA,30.4,7.6,7.1,58.0,1.2,0.1,163.0,961.0,2014
1155,"KARAMANA AT MOONNATTUMUKKU, KERALA",KERALA,25.5,1.9,7.7,2941.0,26.9,2.8,10875.0,37375.0,2014
3471,"RIVER KARAMANA AT ARUVIKARA, THIRUVANANTHAPURAM",KERALA,25.1,7.4,7.0,35.0,0.1,0.0,165.0,409.0,2014
2289,R KARUVANNURR AT KARUVANNUR BRIDGE,KERALA,28.9,6.4,7.2,63.0,1.3,0.4,121.0,535.0,2014
2301,R KAVVAI AT KUTTIYOL PALAM,KERALA,28.8,5.4,6.7,65.0,1.1,0.3,60.0,144.0,2014
2291,R KEECHERI AT VADAKKANCHERY BRIDGE,KERALA,29.3,5.6,7.3,90.0,1.6,0.4,268.0,705.0,2014
2326,R KORAYAR AT KANJIKODE,KERALA,29.5,7.1,8.0,728.0,1.2,0.4,374.0,697.0,2014
1569,"R KUPPAM AT THALIPARAMBA, KERALA",KERALA,28.4,5.9,6.8,13953.0,1.5,0.4,70.0,166.0,2014
2298,R KUPPAM AT RAYAROM,KERALA,26.9,7.4,6.9,57.0,1.1,0.3,70.0,159.0,2014
1567,"R KUTTIYADE AT KUTTIYADY ESTATE, KERALA",KERALA,25.8,7.2,7.2,41.0,0.7,0.2,441.0,658.0,2014
1568,"R MAHE AT VALAYAM, KERALA",KERALA,26.6,6.5,7.4,71.0,0.6,0.3,4192.0,7018.0,2014
2285,R MAMOM AT MAMOM BRIDGE,KERALA,25.3,6.8,7.1,81.0,0.8,0.0,389.0,1268.0,2014
1340,"MANIMALA AT KALLOOPARA, KERALA",KERALA,28.2,6.8,6.9,68.0,1.7,0.1,449.0,660.0,2014
1384,"MANIMALA AT THONDRA, KERALA",KERALA,28.5,6.6,7.0,70.0,1.4,0.1,550.0,822.0,2014
3459,"MANIYANKODE PUZHA AT MANIYANKODE BRIDGE, WAYANAD",KERALA,27.6,6.4,7.7,100.0,0.6,0.9,56.0,88.0,2014
2307,R MANJESWAR AT BAJRAKKARA BR.,KERALA,29.0,7.3,6.9,96.0,1.9,0.2,89.0,825.0,2014
1339,"MEENACHIL AT KIDANGOOR, KERALA",KERALA,27.5,6.8,6.6,49.0,0.5,0.4,1719.0,2950.0,2014
2304,R MOGRAL AT MOGRAL BR.,KERALA,30.0,5.6,7.2,24360.0,2.1,0.3,92.0,447.0,2014
43,"MUVATTAPUZHA AT VETTIKKATTUMUKKU, KERALA",KERALA,27.8,6.9,6.8,59.0,0.6,0.5,1916.0,3375.0,2014
2302,R NEELASWARAM AT NAMBIARKAL DAM,KERALA,30.2,7.1,6.8,14410.0,1.8,0.1,65.0,468.0,2014
1570,"R NEELESWARAM AT HOSDURG, KERALA",KERALA,30.8,6.2,7.2,22757.0,1.5,0.1,98.0,542.0,2014
1563,"R NEYYAR AT AMARAVILA, KERALA",KERALA,25.3,6.7,7.1,66.0,0.6,0.0,222.0,626.0,2014
2284,R NEYYAR AT ARUVIPURAM,KERALA,25.3,7.2,7.0,59.0,0.6,0.0,165.0,433.0,2014
2288,R PALLICKAL AT NELLIMUKAL,KERALA,25.8,6.0,7.6,120.0,1.3,1.1,212.0,523.0,2014
1156,"PAMBA AT CHENGANNUR, KERALA",KERALA,27.2,5.2,6.8,55.0,0.6,0.7,171.0,313.0,2014
1341,"PAMBA AT THAKAZHY, KERALA",KERALA,28.1,4.8,6.8,86.0,0.7,0.8,208.0,332.0,2014
1565,"PAMBA DOWN, KERALA",KERALA,28.3,3.9,6.9,62.0,0.5,0.7,155.0,284.0,2014
17,"PERIYAR NEAR ALWAYENANELOOR, KERALA",KERALA,28.1,5.0,6.9,3185.0,1.8,0.4,290.0,667.0,2014
18,"PERIYAR AT KALADY, KERALA",KERALA,27.7,7.0,7.0,36.0,1.1,0.2,276.0,541.0,2014
1338,"PERIYAR AT SEWAGE DISCHARGE POINT, KERALA",KERALA,28.0,6.3,6.9,64.0,1.2,0.3,381.0,815.0,2014
2333,RIVER PERIYAR AT MUPPATHADAM,KERALA,28.2,6.2,6.9,86.0,1.3,0.2,372.0,1007.0,2014
2334,RIVER PERIYAR AT PATHALAM,KERALA,28.0,5.7,6.8,2640.0,1.9,0.5,385.0,759.0,2014
2335,R PERIYAR AT KALAMASSERY,KERALA,28.1,5.7,6.9,53.0,3.1,0.4,574.0,1205.0,2014
2336,R PERIYAR AT PURAPPALLIKAVU,KERALA,28.1,6.6,7.1,2007.0,1.3,0.2,356.0,785.0,2014
3468,"PERIYAR AT KWA INTAKENAN ALUVA, ERNAKULAM",KERALA,28.1,6.6,7.0,46.0,1.3,0.3,228.0,472.0,2014
2300,R PERUVAMBA AT CHANDAPPURA,KERALA,27.3,6.5,6.5,43.0,0.9,0.4,87.0,188.0,2014
2303,R PULLUR AT PULLUR BR.,KERALA,28.3,6.7,6.3,54.0,0.9,0.1,136.0,610.0,2014
2290,R PUZHACKAL AT PUZHACKAL BRIDGE,KERALA,29.1,4.3,7.2,113.0,1.8,0.4,188.0,796.0,2014
2299,R RAMAPURAM AT RAMAPURAM BRIDGE,KERALA,28.7,4.6,6.7,12561.0,1.5,0.6,72.0,171.0,2014
2305,R SHRIYA AT ANGADIMOGARU,KERALA,28.5,7.7,6.9,61.0,1.6,0.0,88.0,554.0,2014
2296,R THALLASSERY AT PATHIPPALAM,KERALA,26.6,5.8,6.5,61.0,1.0,0.4,70.0,151.0,2014
2292,R THIRUR AT THALAKKADATHUR BRIDGE,KERALA,31.0,4.5,6.9,1614.0,2.1,0.6,131.0,230.0,2014
2306,R UPPALA AT UPPALA BR.,KERALA,30.5,6.9,7.2,20950.0,1.3,0.2,113.0,643.0,2014
3473,"RIVER VALAPATTANAM AT PARASSINIKADAVU, KANNUR",KERALA,28.8,6.6,7.0,14487.0,0.9,0.3,55.0,103.0,2014
1442,"VAMANAPURAM, KERALA",KERALA,25.3,6.9,7.5,54.0,0.6,0.0,319.0,1633.0,2014
1444,"KALI AT D/S WEST COAST PAPER MILL, KARNATAKA",KARNATAKA,27.1,7.3,7.3,109.0,2.4,3.4,18.0,65.0,2014
2780,"KALI AT U/S OF WCPM, DANDELI, KARNATAKA",KARNATAKA,26.3,7.5,7.5,83.0,2.1,2.0,22.0,74.0,2014
1894,KUMARADHARA NAN U/S OF UPPINAGADY TOWN BEFORE CONFLUENCE WITH RIVER NETHRAVATHI,KARNATAKA,29.1,6.4,7.2,102.0,1.0,0.0,137.0,1223.0,2014
1892,NETRAVATHI U/S OF DHARMASTALA AT WATER SUPPLY INTAKE POINT,KARNATAKA,28.4,6.5,7.1,92.0,1.0,0.0,155.0,1342.0,2014
1150,"DAMANGANGA AT KACHIGAON U\S AT GIDC WIER,GUJARAT",GUJARAT,27.1,7.3,7.9,693.0,0.5,1.0,161.0,173.0,2013
1246,"DAMANGANGA AT KACHIGAON D\S (DAMAN), GUJARAT",GUJARAT,27.3,5.0,7.6,1676.0,1.8,8.0,329.0,174.0,2013
1865,RIVER DHADAR AT KOTHADA,GUJARAT,27.0,6.7,0.0,506.0,1.8965,6.0,26.0,227.0,2013
1434,"AMLAKHADI AFTER CONFL. OF W. WATER FROM ANKLESH,GUJARAT",GUJARAT,24.5,6.0,7.7,1863.0,8.6,1.0,47.0,1183.0,2013
1980,AMLAKHADI AT PUNGAM ANKLESHWAR DISTT BHARUCH,GUJARAT,27.0,6.7,7.3,24300.0,1.8965,7.0,22474.0,24.0,2013
1149,"KOLAK AT PATALIA BDG., GUJARAT",GUJARAT,27.5,5.3,7.8,817.0,2.8,1.0,9.0,23.0,2013
1436,"BHADAR V/S JETPUR VILL. A/C OF W. WATER FROM JETPUR CITY, GUJARAT",GUJARAT,28.3,4.3,7.8,2307.0,103.8,1.23,221.0,1817.0,2013
1860,BALEHWAR KHADI AT N.H. NO 8,GUJARAT,28.4,4.5,8.3,1287.0,1.5,11.0,116.0,5.0,2013
2082,TRIVENI SANGAM,GUJARAT,27.0,6.7,7.3,183.0,1.8965,0.0,221.0,2.0,2013
1148,"AMBIKA AT BILIMORA, GUJARAT",GUJARAT,27.6,6.8,8.2,1862.0,2.5,0.87,7.0,64.0,2013
3205,"UPSTREAM OF RIVER VISHWAMITRI AT ASOD BRIDGE AT N.H. 8 , NEAR GLDEN CHOKDI, ASOD VEMALI ROAD",GUJARAT,27.0,5.0,8.0,183.0,0.7,0.0,221.0,468.0,2013
3204,"DOWNSTREAM OF RIVER VISHWAMITRI AT KHALIPUR VILLAGE, BEFORE MEETING JAMBUVA RIVER",GUJARAT,27.0,3.0,7.7,183.0,0.4,0.0,221.0,468.0,2013
1862,KAVERI ON BRIDGE AT BILLIMORANANVALSAD ROAD,GUJARAT,27.0,6.7,8.1,2520.0,7.2,1.0,6.0,41.0,2013
2072,RIVER BHOGAVO D/S OF SURENDRANAGAR,GUJARAT,29.0,8.2,8.4,606.0,2.9,0.0,221.0,468.0,2013
1399,"ZUARI AT D/S OF PT. WHERE KUMBARJRIA CANAL JOINS, GOA",GOA,30.0,5.6,7.5,41.0,2.0,0.08,7022.0,13410.0,2013
1475,ZUARI AT PANCHAWADI,GOA,30.4,5.5,6.7,209.0,0.8,0.17,1893.0,2915.0,2013
3181,RIVER ZUARI AT BORIM BRIDGE,GOA,30.8,5.5,7.1,123.0,1.5,0.09,3293.0,6264.0,2013
3182,RIVER ZUARI AT MARCAIM JETTY,GOA,30.3,5.3,7.3,182.0,1.5,0.08,1976.0,3080.0,2013
1400,"MANDOVI AT NEGHBOURHOOD OF PANAJI, GOA",GOA,30.1,6.0,7.6,100.0,1.2,0.17,5129.0,6086.0,2013
1476,"MANDOVI AT TONCA, MARCELA, GOA",GOA,29.9,5.7,6.9,111.0,1.0,0.14,939.0,3061.0,2013
3185,RIVER MANDOVI AT AMONA BRIDGE,GOA,29.1,6.4,7.1,140.0,1.1,0.1,4464.0,7908.0,2013
3186,RIVER MANDOVI AT IFFI JETTY,GOA,29.9,6.2,7.8,44.0,2.0,0.06,9429.0,9320.0,2013
3187,RIVER MANDOVI NEAR HOTEL MARRIOT,GOA,29.8,6.1,7.6,43.0,1.8,0.06,6668.0,9554.0,2013
1543,"RIVER KALNA AT CHANDELNAN PERNEM, GOA",GOA,27.9,7.0,6.9,64.0,1.1,0.09,1641.0,2841.0,2013
1548,"RIVER ASSONORA AT ASSONORA, GOA",GOA,28.2,6.6,6.5,62.0,1.0,0.14,4073.0,7190.0,2013
2276,"RIVER BICHOLIM VARAZAN NAGAR , BICHOLIM",GOA,29.6,7.0,6.8,304.0,2.0,0.49,12140.0,23867.0,2013
2275,"RIVER CHAPORA NEAR ALORNA FORT ,PERNEM",GOA,28.8,7.0,7.0,55.0,1.2,0.66,1298.0,2813.0,2013
3189,RIVER CHAPORA AT SIOLIM,GOA,29.5,6.3,7.6,213.0,1.5,0.06,3803.0,7069.0,2013
1546,"RIVER KHANDEPAR AT OPA NAN PONDA, GOA",GOA,29.8,6.7,6.8,83.0,1.2,0.17,2140.0,3559.0,2013
2270,"RIVER KHANDEPAR AT CODLI NEAR BRIDGE ,U/S OPA WATERWORKS,SANGUEM",GOA,29.7,7.1,6.6,76.0,1.0,0.12,2367.0,3527.0,2013
2272,"RIVER KUSHAWATI NEAR BUND AT KEVONA,RIVON,SANGUEM",GOA,28.7,6.7,6.6,107.0,1.3,0.22,2461.0,3757.0,2013
1545,"RIVER MADAI AT DABOS NAN VALPOI, GOA",GOA,27.9,7.2,6.7,89.0,0.9,0.06,832.0,1996.0,2013
2274,RIVER MAPUSA ON CULVERT ON HIGHWAY MAPUSANANPANAJI,GOA,29.3,4.2,6.7,192.0,2.0,0.16,4448.0,9286.0,2013
2271,"RIVER SAL PAZORKHONI,CUNCOLIM(NEAR CULVERT MARGAONAN CANACONA NATIONAL HIGHWAY)",GOA,28.6,6.3,6.6,79.0,1.6,0.19,2830.0,6054.0,2013
2273,"RIVER SAL NEAR HOTEL LEELA MOBOR,CAVELOSSIM",GOA,29.8,5.6,7.7,142.0,1.7,0.14,1831.0,3644.0,2013
3183,"RIVER SAL AT KHAREBAND, MARGAO",GOA,28.6,2.8,6.4,424.0,3.2,0.35,12658.0,21036.0,2013
3184,"RIVER SAL AT ORLIM BRIDGE, ORLIM",GOA,30.6,5.2,7.1,306.0,2.6,0.34,1411.0,1525.0,2013
3190,RIVER SINQUERIM (CANDOLIM SIDE NEAR BRIDGE),GOA,30.3,5.6,7.7,40.0,1.5,0.07,4153.0,7130.0,2013
3191,RIVER SINQUERIM NEAR NERUL TEMPLE,GOA,30.4,5.5,7.7,40.0,1.5,0.08,7086.0,12282.0,2013
1547,"RIVER TALPONA AT CANACONA, GOA",GOA,29.6,6.9,6.7,63.0,0.9,0.21,691.0,1132.0,2013
3188,RIVER TIRACOL AT TIRACOL,GOA,29.6,6.3,7.6,227.0,1.7,0.08,3622.0,3612.0,2013
1544,"RIVER VALVANT AT SANKLI NAN BICHOLIM, GOA",GOA,29.5,7.1,6.6,68.0,1.1,0.13,4124.0,8167.0,2013
2651,"AMBA RIVER AT D/S OF WAKEN BRIDGENANU/S OF JS PETROCHEMICALS, WAKENPHATA, ROHA",MAHARASHTRA,26.7,6.9,7.7,121.0,3.3,1.0,77.0,163.0,2013
1461,"BHATSA AT D/S OF PISE DAM NEAR PISE VILLAGE (ULHAS), MAHARASHTRA",MAHARASHTRA,29.3,7.2,8.2,112.0,3.3,1.0,39.0,94.0,2013
2653,"BHATSA RIVER AT D/S OF LIBERTY OIL MILLS, SATNEL, SHAHAPUR, THANE",MAHARASHTRA,28.0,6.9,7.7,103.0,3.7,0.57,48.0,103.0,2013
2654,"BHATSA RIVER AT U/S OF LIBERTY OIL MILLS, SATNEL, SHAHAPUR, THANE",MAHARASHTRA,28.2,6.9,7.6,104.0,3.5,0.75,37.0,79.0,2013
1092,"KALU AT ATALE VILLAGE, MAHARASHTRA",MAHARASHTRA,26.5,6.4,7.4,1003.0,4.3,2.89,524.0,753.0,2013
2670,"KAN RIVER, NEAR SAKRI WATER WORKS, SAKRI, DHULE.",MAHARASHTRA,20.7,6.3,8.3,408.0,2.7,1.58,64.0,157.0,2013
1152,"KUNDALIKA AT ROHA CITY, MAHARASHTRA",MAHARASHTRA,27.2,6.7,7.8,105.0,3.6,1.0,43.0,89.0,2013
2198,KUNDALIKA RIVER AT ARE KHURD ( SALINE ZONE ),MAHARASHTRA,27.5,6.3,7.6,209.0,4.4,1.86,48.0,98.0,2013
2671,"KUNDALIKA RIVER NEAR SALAV BRIDGE (SALINA ZONE), SALAV, ROHA, RAIGAD",MAHARASHTRA,26.0,5.9,7.6,13768.0,5.0,1.79,166.0,300.0,2013
2672,"KUNDALIKA RIVER AT DHATAV AT JACKWELL (DRINKING WATER PUMPING STATIONNANSWEET ZONE), ROHA",MAHARASHTRA,26.5,7.3,7.7,86.0,3.2,1.0,50.0,93.0,2013
2168,MITHI RIVER,MAHARASHTRA,27.0,3.6,7.4,6487.0,30.5,1.5,534.0,745.0,2013
2676,"MUCHKUNDI RIVER AT WAKED,RATNAGIRI, NEAR M/S ASAHI INDIA GLASS LTD., LANJA, RATNAGIRI.",MAHARASHTRA,27.3,6.3,8.3,999.0,3.3,1.78,4.0,112.0,2013
1151,"PATALGANGA AT SHILPHATA, MAHARASHTRA",MAHARASHTRA,28.7,7.2,7.7,125.0,3.3,1.0,39.0,89.0,2013
1462,"PATALGANGA NEAR INTAKE OF MIDC W/W, MAHARASHTRA",MAHARASHTRA,28.4,7.1,7.5,127.0,3.4,4.4,17.0,63.0,2013
2685,"PATALGANGA RIVER AT D/S OF KHARPADA BRIDGE, RAIGAD.",MAHARASHTRA,28.7,7.1,7.4,5300.0,38.0,1.0,388.0,667.0,2013
2686,"PATALGANGA RIVER AT VYAL PUMP HOUSE , KHALAPUR, RAIGAD.",MAHARASHTRA,28.7,7.2,7.6,127.0,3.2,1.0,22.0,51.0,2013
2687,"PATALGANGA RIVER AT KHALAPUR PUMPING STATION, KHALAPUR, RAIGAD.",MAHARASHTRA,28.7,7.0,7.6,126.0,3.3,1.0,20.0,63.0,2013
2688,"PATALGANGA RIVER AT SAVROLI BRIDGE, KHALAPUR, RAIGAD.",MAHARASHTRA,28.7,7.2,7.6,126.0,3.4,1.89,29.0,64.0,2013
2689,"PATALGANGA RIVER AT GAGANGIRI MAHARAJ TEMPLE, KHOPOLI, RAIGAD.",MAHARASHTRA,28.7,7.1,7.8,112.0,3.2,0.63,43.0,88.0,2013
2199,SAVITRI RIVER AT OVALE VILLAGE.,MAHARASHTRA,29.3,6.8,7.7,9590.0,3.6,4.57,3.0,124.0,2013
2701,"SAVITRI RIVER JACKWELL AT UPSA KENDRE, NANGALWADI, MAHAD, RAIGAD",MAHARASHTRA,28.3,6.8,7.4,174.0,3.7,2.26,4.0,124.0,2013
2702,"SAVITRI RIVER AT SHEDAV DOH, MAHAD,RAIGAD",MAHARASHTRA,28.7,6.8,7.6,2572.0,3.3,4.22,4.0,118.0,2013
2703,"SAVITRI RIVER AT DADLI BRIDGE, DADLI, MAHAD, RAIGADH",MAHARASHTRA,29.2,6.7,7.8,6030.0,4.4,4.78,4.0,138.0,2013
2704,"SAVITRI RIVER AT MUTHAVALI VILLAGE, MAHAD, RAIGADH",MAHARASHTRA,28.7,6.8,7.7,7207.0,3.9,4.25,3.0,120.0,2013
2706,"SURYA RIVER, U/S OF SURYA DAM, DHAMMI, VIKRAMGAD, THANE",MAHARASHTRA,27.2,6.8,8.1,167.0,3.8,1.0,32.0,85.0,2013
2707,"SURYA RIVER AT MIDC PUMPING STATION, GARVASHET, PALGHAR, THANE",MAHARASHTRA,27.2,6.8,8.0,173.0,3.5,1.0,53.0,98.0,2013
2708,"SURYA RIVER AT INTAKE OF VASAINANVIRAR W/S SCHEME, MASVAN, PALGHAR, THANE",MAHARASHTRA,27.2,7.0,8.0,168.0,3.6,1.0,44.0,83.0,2013
2709,"TANSA RIVER NEAR ROAD BRIDGE, VILLAGE DAKEWALI, WADA, THANE",MAHARASHTRA,28.0,6.9,7.9,131.0,3.5,0.75,41.0,96.0,2013
1094,"ULHAS AT U/S OF BADLAPUR, MAHARASHTRA",MAHARASHTRA,26.2,7.0,7.6,125.0,3.5,0.6,33.0,63.0,2013
2162,ULHAS RIVER ATJAMBHUL WATER WORKS.,MAHARASHTRA,26.2,7.2,7.5,132.0,3.3,0.9,38.0,88.0,2013
2712,"VAITARNA RIVER NEAR ROAD BRIDGE, GANDHARE VILLAGE, WADA, THANE.",MAHARASHTRA,28.2,7.2,7.7,119.0,3.3,1.0,35.0,68.0,2013
2164,VASHISTI RIVER AT U/S OF THREE M PAPER MILLS NEAR M/S MULTIFILMS PLASTIC PVT. LTD. AT KHERDI.,MAHARASHTRA,24.5,6.9,7.5,159.0,2.8,1.0,3.0,82.0,2013
2713,"VASHISHTI RIVER AT D/S OF THREE M PAPER MILLS NEAR CHIPLUN WATER INTAKE JACKWELL, KHERDI, RATNAGIRI",MAHARASHTRA,24.5,6.7,7.7,141.0,3.3,3.0,4.0,90.0,2013
2714,"VASHISHTI RIVER AT U/S OF POPHALI NEAR KONPHANSAWANE BRIDGE, CHIPLUN, RATNAGIRI",MAHARASHTRA,24.5,7.3,7.7,132.0,2.9,2.0,3.0,88.0,2013
1342,"ACHENKOIL AT THUMPAMON, KERALA",KERALA,24.0,6.4,7.3,76.0,1.7,0.62,199.0,788.0,2013
1443,"ACHENKOIL AT CHENNITHULA, KERALA",KERALA,24.9,6.0,7.1,85.0,1.7,0.53,262.0,538.0,2013
3465,"ACHENKOIL AT KALLARAKADAVU, PATHANAMTHITTA",KERALA,24.3,6.3,7.1,69.0,1.3,0.57,248.0,593.0,2013
3466,"ACHENKOIL AT PANDALAM (NEAR AYYAPPA TEMPLE), PATHANAMTHITTA",KERALA,24.8,6.5,7.3,76.0,1.6,0.55,226.0,545.0,2013
2297,R ANCHARAKANDY AT MERUVAMBA,KERALA,26.4,6.7,6.6,60.0,1.2,0.34,228.0,435.0,2013
2319,R ANCHARAKANDY AT MERUVAMBA,KERALA,27.0,7.0,6.6,3544.0,1.5,0.37,208.0,435.0,2013
2286,R AYROOR AT AYROOR BRIDGE,KERALA,26.6,6.7,7.3,51.0,0.8,0.35,547.0,1567.0,2013
2331,R BHARATHAPUZHA AT KUTTIPPURAM,KERALA,28.6,6.9,7.7,107.0,0.7,0.46,255.0,443.0,2013
2332,R BHARATHAPUZHA AT PATTAMBI,KERALA,28.8,6.7,7.9,173.0,0.9,0.56,191.0,426.0,2013
1154,"CHALAKUDY AT PULICKALKANANDAVU, KERALA",KERALA,28.0,5.6,6.9,126.0,1.2,0.67,266.0,990.0,2013
20,"CHALIYAR AT KOOLIMADU, KERALA",KERALA,27.4,7.3,7.4,70.0,0.8,0.31,2984.0,4208.0,2013
21,"CHALIYAR AT CHUNGAPALLY, KERALA",KERALA,27.5,6.9,7.4,12754.0,0.8,0.29,1807.0,2557.0,2013
3464,"CHALIYAR AT NILAMBUR, MALAPPURAM",KERALA,26.8,7.1,7.4,80.0,0.6,0.5,1921.0,2831.0,2013
1572,"CHANDRAGIRI AT PADIYATHADKA, KERALA",KERALA,30.0,7.2,6.9,62.0,1.3,0.11,33.0,150.0,2013
1573,"CHITRAPUZHA AT IRUMPANAM, KERALA",KERALA,28.8,3.4,6.7,2965.0,2.3,1.11,271.0,1236.0,2013
2295,R CORAPUZHA AT KANAYANKODE,KERALA,27.4,6.1,7.2,15871.0,0.9,0.25,1667.0,2975.0,2013
1564,"R ITHIKKARA AT AYUR, KERALA",KERALA,24.8,6.4,7.2,120.0,1.9,0.77,258.0,618.0,2013
2287,R ITHIKKARA AT ITHIKKARA,KERALA,23.6,6.2,7.2,7448.0,2.0,1.01,184.0,483.0,2013
1566,"R KADALUNDI AT THIRURANGADY, KERALA",KERALA,29.8,6.6,6.9,77.0,1.6,0.29,264.0,756.0,2013
2293,R KADALUNDI AT HAJIRAPPALLY,KERALA,30.2,6.8,7.0,72.0,1.7,0.2,249.0,785.0,2013
2337,R KADAMBAYAR AT BRAHMAPURAM,KERALA,28.2,2.9,6.7,305.0,2.2,1.28,403.0,1623.0,2013
2338,R KADAMBAYAR AT MANCKAKADAVU,KERALA,27.7,3.0,6.6,86.0,2.0,0.39,357.0,1319.0,2013
42,"KALLADA AT PERUMTHOTTAMKADAVU, PUNALOOR, KERALA",KERALA,23.9,6.7,7.1,79.0,1.6,0.34,313.0,738.0,2013
2294,R KALLAI AT KALLAI BRIDGE,KERALA,27.4,3.6,7.3,32790.0,2.6,0.59,64259.0,112867.0,2013
3460,"KALPATHI PUZHA AT KALPATHI, PALAKKAD",KERALA,27.8,6.1,7.8,2905.0,1.3,0.54,422.0,997.0,2013
3458,KARAPUZHA DAM AT WAYANAD,KERALA,26.4,6.9,7.4,112.0,0.5,0.35,50.0,67.0,2013
1571,"R KARINGODE AT KAKKADAVU, KERALA",KERALA,29.6,7.0,6.9,51.0,1.1,0.18,44.0,317.0,2013
1155,"KARAMANA AT MOONNATTUMUKKU, KERALA",KERALA,27.0,3.1,7.2,1416.0,13.2,4.41,2992.0,19917.0,2013
3471,"RIVER KARAMANA AT ARUVIKARA, THIRUVANANTHAPURAM",KERALA,26.3,7.0,7.1,30.0,0.5,0.32,211.0,496.0,2013
2289,R KARUVANNURR AT KARUVANNUR BRIDGE,KERALA,30.0,6.1,7.0,59.0,1.8,0.58,89.0,282.0,2013
2301,R KAVVAI AT KUTTIYOL PALAM,KERALA,28.0,6.0,6.4,61.0,2.1,0.28,87.0,300.0,2013
2291,R KEECHERI AT VADAKKANCHERY BRIDGE,KERALA,30.1,6.3,7.0,105.0,2.8,0.37,142.0,543.0,2013
2326,R KORAYAR AT KANJIKODE,KERALA,27.9,6.9,8.1,502.0,0.9,0.72,382.0,615.0,2013
1569,"R KUPPAM AT THALIPARAMBA, KERALA",KERALA,27.0,5.9,6.7,14662.0,1.5,0.52,144.0,377.0,2013
2298,R KUPPAM AT RAYAROM,KERALA,26.0,7.8,6.8,49.0,1.4,0.3,122.0,319.0,2013
1567,"R KUTTIYADE AT KUTTIYADY ESTATE, KERALA",KERALA,27.7,7.1,7.4,380.0,1.0,0.14,1527.0,66382.0,2013
1568,"R MAHE AT VALAYAM, KERALA",KERALA,27.1,7.3,7.2,67.0,0.9,0.38,6490.0,3471.0,2013
2285,R MAMOM AT MAMOM BRIDGE,KERALA,26.5,6.2,7.2,51.0,0.8,0.23,331.0,942.0,2013
1340,"MANIMALA AT KALLOOPARA, KERALA",KERALA,28.5,7.2,6.8,69.0,1.2,0.45,706.0,941.0,2013
1384,"MANIMALA AT THONDRA, KERALA",KERALA,28.7,6.9,6.7,75.0,2.5,0.4,526.0,701.0,2013
3459,"MANIYANKODE PUZHA AT MANIYANKODE BRIDGE, WAYANAD",KERALA,25.7,6.3,7.4,113.0,0.6,0.88,98.0,128.0,2013
2307,R MANJESWAR AT BAJRAKKARA BR.,KERALA,29.3,7.6,6.8,79.0,1.6,0.31,48.0,109.0,2013
1339,"MEENACHIL AT KIDANGOOR, KERALA",KERALA,27.0,7.0,7.2,57.0,0.6,0.46,2117.0,3558.0,2013
2304,R MOGRAL AT MOGRAL BR.,KERALA,30.9,5.9,7.0,22576.0,1.5,0.35,42.0,253.0,2013
43,"MUVATTAPUZHA AT VETTIKKATTUMUKKU, KERALA",KERALA,27.1,6.8,7.2,105.0,0.6,0.39,1200.0,2392.0,2013
2302,R NEELASWARAM AT NAMBIARKAL DAM,KERALA,30.3,6.3,6.7,2315.0,1.3,0.17,55.0,278.0,2013
1570,"R NEELESWARAM AT HOSDURG, KERALA",KERALA,30.4,6.4,6.9,18569.0,1.0,0.27,40.0,277.0,2013
1563,"R NEYYAR AT AMARAVILA, KERALA",KERALA,26.2,6.6,7.3,45.0,0.6,0.39,228.0,940.0,2013
2284,R NEYYAR AT ARUVIPURAM,KERALA,26.2,6.9,7.2,42.0,0.5,0.18,151.0,774.0,2013
2288,R PALLICKAL AT NELLIMUKAL,KERALA,25.1,6.0,7.3,92.0,1.7,0.56,256.0,597.0,2013
1156,"PAMBA AT CHENGANNUR, KERALA",KERALA,27.4,6.1,7.2,59.0,0.7,1.04,181.0,311.0,2013
1341,"PAMBA AT THAKAZHY, KERALA",KERALA,28.1,4.5,6.9,1190.0,0.7,1.17,218.0,388.0,2013
1565,"PAMBA DOWN, KERALA",KERALA,28.3,4.2,7.0,69.0,0.6,1.04,240.0,420.0,2013
17,"PERIYAR NEAR ALWAYENANELOOR, KERALA",KERALA,28.2,6.0,7.0,5569.0,2.2,0.68,473.0,1894.0,2013
18,"PERIYAR AT KALADY, KERALA",KERALA,27.2,7.3,7.0,34.0,1.0,0.27,234.0,927.0,2013
1338,"PERIYAR AT SEWAGE DISCHARGE POINT, KERALA",KERALA,27.4,6.3,7.0,44.0,1.6,0.32,487.0,1876.0,2013
2333,RIVER PERIYAR AT MUPPATHADAM,KERALA,28.2,6.4,7.2,49.0,1.4,0.23,362.0,1357.0,2013
2334,RIVER PERIYAR AT PATHALAM,KERALA,27.9,5.9,7.0,3272.0,2.2,0.62,330.0,1284.0,2013
2335,R PERIYAR AT KALAMASSERY,KERALA,27.3,4.6,7.0,65.0,1.7,0.28,631.0,1937.0,2013
2336,R PERIYAR AT PURAPPALLIKAVU,KERALA,28.2,6.5,6.9,4650.0,2.0,1.0,340.0,1573.0,2013
3468,"PERIYAR AT KWA INTAKENAN ALUVA, ERNAKULAM",KERALA,28.2,6.5,7.0,42.0,1.4,1.0,249.0,1221.0,2013
2300,R PERUVAMBA AT CHANDAPPURA,KERALA,26.7,6.4,6.4,45.0,1.2,1.0,142.0,376.0,2013
2303,R PULLUR AT PULLUR BR.,KERALA,28.0,6.0,6.1,56.0,1.2,0.0,136.0,438.0,2013
2290,R PUZHACKAL AT PUZHACKAL BRIDGE,KERALA,29.7,5.3,6.8,99.0,2.8,0.79,106.0,523.0,2013
2299,R RAMAPURAM AT RAMAPURAM BRIDGE,KERALA,28.2,3.6,6.5,22131.0,1.8,0.95,105.0,261.0,2013
2305,R SHRIYA AT ANGADIMOGARU,KERALA,28.9,6.9,6.7,66.0,1.8,0.0,93.0,205.0,2013
2296,R THALLASSERY AT PATHIPPALAM,KERALA,26.4,6.0,6.6,67.0,1.5,3.69,168.0,398.0,2013
2292,R THIRUR AT THALAKKADATHUR BRIDGE,KERALA,30.0,4.9,6.8,9107.0,1.6,1.0,208.0,614.0,2013
2306,R UPPALA AT UPPALA BR.,KERALA,30.8,6.3,7.0,18931.0,1.4,1.0,34.0,201.0,2013
3473,"RIVER VALAPATTANAM AT PARASSINIKADAVU, KANNUR",KERALA,27.8,6.6,6.8,15525.0,1.1,0.06,149.0,347.0,2013
1442,"VAMANAPURAM, KERALA",KERALA,26.7,7.1,7.5,46.0,0.8,1.0,239.0,1097.0,2013
1444,"KALI AT D/S WEST COAST PAPER MILL, KARNATAKA",KARNATAKA,27.1,7.3,7.3,164.0,2.3,1.0,115.0,336.0,2013
2780,"KALI AT U/S OF WCPM, DANDELI, KARNATAKA",KARNATAKA,26.3,7.6,7.4,122.0,2.4,1.0,223.0,834.0,2013
1894,KUMARADHARA NAN U/S OF UPPINAGADY TOWN BEFORE CONFLUENCE WITH RIVER NETHRAVATHI,KARNATAKA,28.3,6.5,7.1,95.0,1.0,0.0,156.0,212.0,2013
1892,NETRAVATHI U/S OF DHARMASTALA AT WATER SUPPLY INTAKE POINT,KARNATAKA,27.9,6.5,7.1,56.0,1.0,0.0,30.0,79.0,2013
1150,DAMANGANGA AT KACHIGAON U\S AT GIDC WIER,GUJARAT,28.0,7.2,7.4,319.0,0.7,0.18,5.0,10.0,2012
1865,RIVER DHADAR AT KOTHADA,GUJARAT,27.0,6.2,8.4,894.0,9.0,0.38,140.0,350.0,2012
1434,AMLAKHADI AFTER CONFL. OF W. WATER FROM ANKLESHWAR,GUJARAT,30.0,2.2,8.0,1835.0,17.9,0.86,10478.0,25478.0,2012
1980,AMLAKHADI AT PUNGAM ANKLESHWAR DISTT BHARUCH,GUJARAT,31.0,2.0,7.7,3165.0,32.3,3.44,11498.0,15173.0,2012
1149,KOLAK AT PATALIA BDG,GUJARAT,29.0,2.4,7.6,1500.0,6.2,1.31,3.0,13.0,2012
1399,ZUARI AT D/S OF PT. WHERE KUMBARJRIA CANAL JOINS,GOA,31.0,5.9,7.2,52.0,2.1,0.08,221.0,90.0,2012
1475,ZUARI AT PANCHAWADI,GOA,30.0,6.1,6.8,408.0,1.3,0.17,1300.0,3808.0,2012
3181,RIVER ZUARI AT BORIM BRIDGE,GOA,30.0,5.5,6.9,143.0,1.3,0.09,4100.0,11113.0,2012
3182,RIVER ZUARI AT MARCAIM JETTY,GOA,29.0,5.4,7.2,60.0,1.5,0.08,428.0,2309.0,2012
1400,MANDOVI AT NEGHBOURHOOD OF PANAJI,GOA,29.0,5.8,7.2,34.0,5.3,0.17,855.0,3322.0,2012
1476,"MANDOVI AT TONCA, MARCELA",GOA,29.0,5.9,6.7,125.0,1.5,0.14,1638.0,5793.0,2012
3185,MANDOVI AT AMONA BRIDGE,GOA,28.0,6.4,6.7,175.0,1.3,0.1,772.0,3636.0,2012
3186,RIVER MANDOVI AT IFFI JETTY,GOA,30.0,6.2,7.7,39.0,1.3,0.06,1296.0,4517.0,2012
3187,MANDOVI NEAR HOTEL MARRIOT,GOA,30.0,6.1,7.8,39.0,1.5,0.06,1032.0,5840.0,2012
1543,KALNA AT CHANDELNAN PERNEM,GOA,27.0,7.3,6.9,61.0,0.7,0.09,1430.0,4388.0,2012
1548,RIVER ASSONORA AT ASSONORA,GOA,28.0,6.8,6.6,71.0,1.5,0.14,2495.0,3949.0,2012
2276,"BICHOLIM VARAZAN NAGAR, BICHOLIM",GOA,29.0,7.4,6.5,129.0,2.3,0.49,5868.0,16691.0,2012
2275,"RIVER CHAPORA NEAR ALORNA FORT ,PERNEM",GOA,28.0,7.0,6.8,503.0,1.6,0.66,965.0,2404.0,2012
3189,RIVER CHAPORA AT SIOLIM,GOA,29.0,6.3,7.5,31.0,1.6,0.06,1466.0,4267.0,2012
1546,KHANDEPAR AT OPA NAN PONDA,GOA,29.0,7.1,6.8,70.0,0.8,0.17,716.0,3567.0,2012
2270,"KHANDEPAR AT CODLI NR BDG, U/S OPA WATERWORKS,SANGUEM",GOA,30.0,7.3,6.8,69.0,1.2,0.12,457.0,2446.0,2012
2272,"RIVER KUSHAWATI NEAR BUND AT KEVONA,RIVON,SANGUEM",GOA,28.0,6.7,6.6,118.0,1.0,0.22,1104.0,3496.0,2012
1545,RIVER MADAI AT DABOS NAN VALPOI,GOA,28.0,7.4,6.8,80.0,1.3,0.06,274.0,1404.0,2012
2274,RIVER MAPUSA ON CULVERT ON HIGHWAY MAPUSANANPANAJI,GOA,29.0,4.5,6.6,250.0,2.4,0.16,1572.0,5889.0,2012
2271,"SAL PAZORKHONI, CUNCOLIM (NEAR CULVERT MARGAONAN CANACONA NATIONAL HIGHWAY)",GOA,28.0,6.1,6.9,74.0,1.8,0.19,1074.0,3937.0,2012
2273,"RIVER SAL NEAR HOTEL LEELA MOBOR,CAVELOSSIM",GOA,30.0,5.9,7.3,44.0,1.6,0.14,962.0,2794.0,2012
3183,"SAL AT KHAREBAND, MARGAO",GOA,30.0,2.4,6.5,195.0,4.8,0.35,7980.0,14217.0,2012
3184,"SAL AT ORLIM BRIDGE, ORLIM",GOA,31.0,4.0,6.8,207.0,1.8,0.34,818.0,2280.0,2012
3190,RIVER SINQUERIM (CANDOLIM SIDE NEAR BRIDGE),GOA,29.0,5.4,7.6,40.0,1.6,0.07,290.0,1330.0,2012
3191,RIVER SINQUERIM NEAR NERUL TEMPLE,GOA,30.0,5.3,7.6,41.0,1.4,0.08,952.0,2517.0,2012
1547,RIVER TALPONA AT CANACONA,GOA,29.0,7.0,6.9,54.0,0.8,0.21,667.0,3059.0,2012
3188,RIVER TIRACOL AT TIRACOL,GOA,29.0,5.9,7.7,44.0,2.1,0.08,1200.0,831.0,2012
1544,VALVANT AT SANKLI NAN BICHOLIM,GOA,29.0,7.1,6.5,60.0,1.7,0.13,2926.0,8163.0,2012
2651,"AMBA AT D/S OF WAKEN BRIDGENANU/S OF JS PETROCHEMICALS, WAKENPHATA, ROHA",MAHARASHTRA,29.0,6.9,7.7,99.0,3.3,0.56,53.0,123.0,2012
1461,BHATSA AT D/S OF PISE DAM NEAR PISE VILLAGE (ULHAS),MAHARASHTRA,30.0,6.6,7.9,123.0,3.2,0.52,44.0,104.0,2012
2653,"BHATSA AT D/S OF LIBERTY OIL MILLS, SATNEL, SHAHAPUR,THANE",MAHARASHTRA,27.0,6.6,7.7,220.0,3.6,0.65,25.0,77.0,2012
2654,"BHATSA AT U/S OF LIBERTY OIL MILLS, SATNEL, SHAHAPUR, THANE",MAHARASHTRA,27.0,6.8,7.7,219.0,3.4,0.63,23.0,75.0,2012
1092,KALU AT ATALE VILLAGE,MAHARASHTRA,27.0,4.8,7.2,5429.0,8.4,2.08,177.0,408.0,2012
2670,"KAN RIVER, NEAR SAKRI WATER WORKS, SAKRI, DHULE.",MAHARASHTRA,23.0,6.4,8.0,493.0,4.2,3.91,17.0,68.0,2012
1152,KUNDALIKA AT ROHA CITY,MAHARASHTRA,29.0,6.8,7.6,100.0,3.0,0.54,124.0,295.0,2012
2198,KUNDALIKA RIVER AT ARE KHURD ( SALINE ZONE ),MAHARASHTRA,29.0,6.7,7.5,316.0,4.6,0.6,47.0,132.0,2012
2671,"KUNDALIKA RIVER NEAR SALAV BRIDGE (SALINA ZONE), SALAV, ROHA, RAIGAD",MAHARASHTRA,28.0,5.8,7.9,37227.0,9.5,1.42,231.0,451.0,2012
2672,"KUNDALIKA AT DHATAV AT JACKWELL (DRINKING WATER PUMPING STATIONNANSWEET ZONE), ROHA",MAHARASHTRA,29.0,6.9,7.7,84.0,3.1,0.42,69.0,168.0,2012
2168,MITHI RIVER,MAHARASHTRA,25.0,4.9,7.6,21254.0,55.5,2.18,560.0,964.0,2012
2676,"MUCHKUNDI RIVER AT WAKED, NEAR M/S ASAHI INDIA GLASS LTD., LANJA, RATNAGIRI.",MAHARASHTRA,28.0,6.9,7.9,312.0,2.7,1.58,4.0,107.0,2012
1151,PATALGANGA AT SHILPHATA,MAHARASHTRA,29.0,6.8,7.5,146.0,3.0,0.6,124.0,241.0,2012
1462,PATALGANGA NEAR INTAKE OF MIDC W/W,MAHARASHTRA,29.0,6.7,7.3,127.0,2.9,0.59,100.0,209.0,2012
2685,"PATALGANGA RIVER AT D/S OF KHARPADA BRIDGE, RAIGAD.",MAHARASHTRA,29.0,5.6,6.9,432.0,4.5,1.72,58.0,173.0,2012
2686,"PATALGANGA RIVER AT VYAL PUMP HOUSE , KHALAPUR, RAIGAD.",MAHARASHTRA,29.0,6.5,7.3,126.0,3.0,0.59,132.0,284.0,2012
2687,"PATALGANGA RIVER AT KHALAPUR PUMPING STATION, KHALAPUR, RAIGAD.",MAHARASHTRA,30.0,7.1,7.5,128.0,3.0,0.6,136.0,297.0,2012
2688,"PATALGANGA RIVER AT SAVROLI BRIDGE, KHALAPUR, RAIGAD.",MAHARASHTRA,30.0,6.4,7.3,129.0,3.1,0.6,68.0,191.0,2012
2689,"PATALGANGA AT GAGANGIRI MAHARAJ TEMPLE, KHOPOLI, RAIGAD.",MAHARASHTRA,29.0,6.9,7.7,129.0,2.9,0.55,135.0,268.0,2012
2696,"PEHLAR DAM ON PEHLAR INLET OF WATER WORKS, VASAI, THANE.",MAHARASHTRA,25.0,7.0,7.9,153.0,2.9,0.55,30.0,86.0,2012
2199,SAVITRI RIVER AT OVALE VILLAGE.,MAHARASHTRA,30.0,6.4,7.6,10165.0,3.7,2.14,5.0,139.0,2012
2701,"SAVITRI JACKWELL AT UPSA KENDRE, NANGALWADI, MAHAD, RAIGAD",MAHARASHTRA,30.0,6.9,7.7,307.0,2.8,3.6,4.0,123.0,2012
2702,"SAVITRI RIVER AT SHEDAV DOH, MAHAD,RAIGAD",MAHARASHTRA,31.0,6.3,7.7,322.0,3.5,1.1,4.0,116.0,2012
2703,"SAVITRI RIVER AT DADLI BRIDGE, DADLI, MAHAD, RAIGADH",MAHARASHTRA,30.0,6.5,7.5,5835.0,3.4,1.72,4.0,126.0,2012
2704,"SAVITRI RIVER AT MUTHAVALI VILLAGE, MAHAD, RAIGADH",MAHARASHTRA,30.0,6.3,7.4,9245.0,4.7,2.0,4.0,134.0,2012
2706,"SURYA RIVER, U/S OF SURYA DAM, DHAMMI, VIKRAMGAD, THANE",MAHARASHTRA,28.0,6.5,8.1,1907.0,4.0,0.55,46.0,115.0,2012
2707,"SURYA AT MIDC PUMPING STN, GARVASHET, PALGHAR, THANE",MAHARASHTRA,28.0,7.0,8.0,1896.0,3.5,0.64,190.0,245.0,2012
2708,"SURYA RIVER AT INTAKE OF VASAINANVIRAR W/S SCHEME, MASVAN, PALGHAR, THANE",MAHARASHTRA,28.0,7.0,8.0,206.0,2.9,0.56,31.0,74.0,2012
2709,"TANSA RIVER NEAR ROAD BRIDGE, VILLAGE DAKEWALI, WADA, THANE",MAHARASHTRA,27.0,6.8,7.8,239.0,3.3,0.56,33.0,77.0,2012
1093,ULHAS AT U/S OF NRC BUND AT MOHANE,MAHARASHTRA,27.0,6.4,7.6,152.0,3.2,0.96,62.0,142.0,2012
1094,ULHAS AT U/S OF BADLAPUR,MAHARASHTRA,26.0,6.7,7.7,146.0,3.0,0.89,30.0,73.0,2012
2162,ULHAS ATJAMBHUL WATER WORKS,MAHARASHTRA,27.0,6.7,7.6,137.0,2.9,0.76,24.0,64.0,2012
2712,"VAITARNA NR RD BDG, GANDHARE VILLAGE, WADA, THANE.",MAHARASHTRA,28.0,6.6,7.8,228.0,3.5,0.57,30.0,79.0,2012
2164,VASHISTI AT U/S OF THREE M PAPER MILLS NEAR M/S MULTIFILMS PLASTIC PVT. LTD. AT KHERDI.,MAHARASHTRA,23.0,7.0,7.7,409.0,2.4,0.93,4.0,112.0,2012
2713,"VASHISHTI AT D/S OF THREE M PAPER MILLS NR CHIPLUN WATER INTAKE JACKWELL,KHERDI,RATNAGIRI",MAHARASHTRA,22.0,6.8,7.6,263.0,2.9,0.81,4.0,123.0,2012
2714,"VASHISHTI RIVER AT U/S OF POPHALI NEAR KONPHANSAWANE BRIDGE, CHIPLUN, RATNAGIRI",MAHARASHTRA,23.0,6.9,7.5,338.0,2.3,3.93,4.0,108.0,2012
1342,ACHENKOIL AT THUMPAMON,KERALA,26.0,7.0,7.2,79.0,0.8,0.62,279.0,637.0,2012
1443,ACHENKOIL AT CHENNITHULA,KERALA,26.0,6.6,7.0,67.0,1.1,0.53,275.0,670.0,2012
3465,"ACHENKOIL AT KALLARAKADAVU, PATHANAMTHITTA",KERALA,26.0,6.6,7.3,59.0,0.7,0.57,281.0,541.0,2012
3466,"ACHENKOIL AT PANDALAM (NEAR AYYAPPA TEMPLE),PATHANAMTHITTA",KERALA,26.0,6.2,7.3,66.0,0.8,0.55,303.0,609.0,2012
2297,ANCHARAKANDY AT MERUVAMBA,KERALA,26.0,7.1,7.0,67.0,1.0,0.34,170.0,538.0,2012
2319,ANCHARAKANDY AT MERUVAMBA,KERALA,26.0,7.0,6.7,5341.0,1.1,0.37,158.0,528.0,2012
2286,R AYROOR AT AYROOR BRIDGE,KERALA,29.0,6.7,7.3,89.0,1.1,0.35,1163.0,2025.0,2012
2331,BHARATHAPUZHA AT KUTTIPPURAM,KERALA,28.0,6.2,7.3,136.0,1.0,0.46,296.0,676.0,2012
2332,R BHARATHAPUZHA AT PATTAMBI,KERALA,28.0,7.1,8.1,212.0,0.9,0.56,524.0,992.0,2012
1154,CHALAKUDY AT PULICKALKANANDAVU,KERALA,29.0,6.3,6.3,134.0,1.2,0.67,224.0,780.0,2012
20,CHALIYAR AT KOOLIMADU,KERALA,26.0,7.3,7.2,76.0,0.6,0.31,468.0,893.0,2012
21,CHALIYAR AT CHUNGAPALLY,KERALA,26.0,7.0,7.3,11041.0,0.9,0.29,256.0,503.0,2012
3464,"CHALIYAR AT NILAMBUR, MALAPPURAM",KERALA,28.0,6.8,7.1,75.0,0.8,0.5,693.0,1169.0,2012
1572,CHANDRAGIRI AT PADIYATHADKA,KERALA,29.0,7.4,7.2,61.0,0.7,0.11,54.0,255.0,2012
1573,CHITRAPUZHA AT IRUMPANAM,KERALA,28.0,1.7,6.6,769.0,3.4,1.11,556.0,1717.0,2012
2295,R CORAPUZHA AT KANAYANKODE,KERALA,26.0,6.1,7.5,14083.0,1.4,0.25,920.0,2686.0,2012
1564,"R ITHIKKARA AT AYUR, KERALA",KERALA,26.0,6.6,7.2,92.0,0.8,0.77,332.0,660.0,2012
2287,R ITHIKKARA AT ITHIKKARA,KERALA,25.0,6.6,7.2,1348.0,0.8,1.01,392.0,810.0,2012
1566,R KADALUNDI AT THIRURANGADY,KERALA,29.0,6.0,6.7,95.0,1.2,0.29,253.0,680.0,2012
2293,R KADALUNDI AT HAJIRAPPALLY,KERALA,29.0,6.6,6.8,78.0,1.0,0.2,275.0,626.0,2012
2337,KADAMBAYAR AT BRAHMAPURAM,KERALA,28.0,0.6,6.7,268.0,4.1,1.28,400.0,1308.0,2012
2338,KADAMBAYAR AT MANCKAKADAVU,KERALA,27.0,1.8,6.6,82.0,2.0,0.39,399.0,1410.0,2012
42,"KALLADA AT PERUMTHOTTAM KADAVU, PUNALOOR",KERALA,25.0,7.1,7.2,61.0,1.0,0.34,251.0,608.0,2012
2294,R KALLAI AT KALLAI BRIDGE,KERALA,26.0,3.9,7.6,30298.0,2.5,0.59,4830.0,7240.0,2012
3460,"KALPATHI PUZHA AT KALPATHI, PALAKKAD",KERALA,27.0,6.6,8.0,310.0,1.1,0.54,517.0,783.0,2012
3458,KARAPUZHA DAM AT WAYANAD,KERALA,27.0,7.0,7.1,97.0,0.8,0.35,45.0,77.0,2012
1571,R KARINGODE AT KAKKADAVU,KERALA,29.0,7.3,7.0,51.0,0.7,0.18,65.0,258.0,2012
1155,KARAMANA AT MOONNATTUMUKKU,KERALA,29.0,0.5,7.1,1717.0,21.2,4.41,3317.0,15833.0,2012
3471,"RIVER KARAMANA AT ARUVIKARA, THIRUVANANTHAPURAM",KERALA,29.0,7.0,7.4,55.0,0.9,0.32,800.0,1400.0,2012
2289,R KARUVANNURR AT KARUVANNUR BRIDGE,KERALA,29.0,6.1,6.8,67.0,1.1,0.58,80.0,394.0,2012
2301,R KAVVAI AT KUTTIYOL PALAM,KERALA,27.0,7.0,6.7,61.0,1.3,0.28,168.0,248.0,2012
2291,KEECHERI AT VADAKKANCHERY BDG,KERALA,30.0,5.2,6.9,81.0,1.5,0.37,71.0,465.0,2012
2326,R KORAYAR AT KANJIKODE,KERALA,27.0,6.1,8.0,510.0,1.1,0.72,784.0,1572.0,2012
1569,R KUPPAM AT THALIPARAMBA,KERALA,27.0,6.5,6.9,12150.0,1.8,0.52,711.0,1481.0,2012
2298,R KUPPAM AT RAYAROM,KERALA,25.0,7.9,7.2,50.0,1.1,0.3,319.0,845.0,2012
1567,R KUTTIYADE AT KUTTIYADY ESTATE,KERALA,25.0,7.5,6.9,34.0,0.9,0.14,110.0,256.0,2012
1568,"R MAHE AT VALAYAM, KERALA",KERALA,26.0,7.0,7.4,72.0,1.0,0.38,496.0,897.0,2012
2285,R MAMOM AT MAMOM BRIDGE,KERALA,29.0,7.3,7.3,99.0,0.9,0.23,1088.0,1788.0,2012
1340,MANIMALA AT KALLOOPARA,KERALA,27.0,7.5,6.9,125.0,1.6,0.45,970.0,1400.0,2012
1384,MANIMALA AT THONDRA,KERALA,27.0,6.8,6.9,116.0,1.7,0.4,825.0,1260.0,2012
3459,"MANIYANKODE PUZHA AT MANIYANKODE BRIDGE, WAYANAD",KERALA,27.0,5.8,7.3,107.0,0.9,0.88,232.0,343.0,2012
2307,R MANJESWAR AT BAJRAKKARA BR.,KERALA,28.0,7.1,7.2,85.0,0.8,0.31,67.0,184.0,2012
1339,MEENACHIL AT KIDANGOOR,KERALA,26.0,6.8,7.1,58.0,0.7,0.46,2010.0,3460.0,2012
2304,R MOGRAL AT MOGRAL BR.,KERALA,29.0,5.7,7.3,13197.0,1.5,0.35,46.0,144.0,2012
43,MUVATTAPUZHA AT VETTIKKATTUMUKKU,KERALA,27.0,6.7,7.1,58.0,1.2,0.39,964.0,1739.0,2012
2302,NEELASWARAM AT NAMBIARKAL,KERALA,28.0,7.0,6.9,3453.0,0.9,0.17,56.0,278.0,2012
1570,R NEELESWARAM AT HOSDURG,KERALA,29.0,6.5,7.0,14369.0,1.3,0.27,63.0,175.0,2012
1563,R NEYYAR AT AMARAVILA,KERALA,28.0,6.6,7.3,70.0,1.4,0.39,838.0,1875.0,2012
2284,R NEYYAR AT ARUVIPURAM,KERALA,29.0,7.0,7.3,60.0,0.8,0.18,631.0,1813.0,2012
2288,R PALLICKAL AT NELLIMUKAL,KERALA,26.0,6.3,7.2,97.0,0.8,0.56,357.0,880.0,2012
1156,PAMBA AT CHENGANNUR,KERALA,28.0,6.0,7.0,63.0,1.1,1.04,243.0,493.0,2012
1341,PAMBA AT THAKAZHY,KERALA,28.0,4.4,7.1,113.0,1.5,1.17,358.0,722.0,2012
1565,PAMBA DOWN,KERALA,28.0,4.5,7.2,79.0,1.0,1.04,279.0,537.0,2012
17,PERIYAR NEAR ALWAYENANELOOR,KERALA,28.0,5.1,6.9,1789.0,2.1,0.68,408.0,1946.0,2012
18,PERIYAR AT KALADY,KERALA,27.0,7.5,7.2,36.0,1.1,0.27,282.0,1134.0,2012
1338,PERIYAR AT SEWAGE DISCHARGE POINT,KERALA,28.0,6.8,7.0,59.0,1.3,0.32,648.0,2267.0,2012
2333,PERIYAR AT MUPPATHADAM,KERALA,28.0,6.8,6.9,114.0,1.4,0.23,388.0,1785.0,2012
2334,RIVER PERIYAR AT PATHALAM,KERALA,28.0,5.9,6.8,1108.0,2.2,0.62,386.0,1520.0,2012
2335,R PERIYAR AT KALAMASSERY,KERALA,28.0,4.9,6.7,88.0,2.2,0.28,480.0,2200.0,2012
2336,R PERIYAR AT PURAPPALLIKAVU,KERALA,28.0,6.8,6.9,1686.0,1.4,0.25,236.0,1223.0,2012
3468,"PERIYAR AT KWA INTAKENAN ALUVA, ERNAKULAM",KERALA,28.0,7.1,6.9,45.0,1.2,0.29,451.0,1636.0,2012
2300,PERUVAMBA AT CHANDAPPURA,KERALA,26.0,6.9,6.6,56.0,1.1,0.3,177.0,542.0,2012
2303,R PULLUR AT PULLUR BR.,KERALA,28.0,6.5,6.3,49.0,1.0,0.22,87.0,323.0,2012
2290,R PUZHACKAL AT PUZHACKAL BRIDGE,KERALA,29.0,4.9,6.6,169.0,2.1,0.76,250.0,1241.0,2012
2299,R RAMAPURAM AT RAMAPURAM BRIDGE,KERALA,28.0,4.2,6.5,19575.0,1.4,0.39,210.0,528.0,2012
2305,R SHRIYA AT ANGADIMOGARU,KERALA,28.0,6.9,7.1,63.0,0.9,0.16,152.0,336.0,2012
2296,THALLASSERY AT PATHIPPALAM,KERALA,26.0,6.6,6.7,69.0,0.8,0.38,185.0,464.0,2012
2292,THIRUR AT THALAKKADATHUR BDG,KERALA,29.0,4.5,6.6,6381.0,2.1,0.34,196.0,435.0,2012
2306,R UPPALA AT UPPALA BR.,KERALA,29.0,6.2,7.2,9326.0,1.3,0.22,61.0,141.0,2012
3473,"RIVER VALAPATTANAM AT PARASSINIKADAVU, KANNUR",KERALA,27.0,6.6,7.1,15158.0,1.1,0.26,126.0,810.0,2012
1442,VAMANAPURAM,KERALA,29.0,6.3,7.3,74.0,1.2,0.29,725.0,1813.0,2012
1444,KALI AT D/S WEST COAST PAPER MILL,KARNATAKA,28.0,6.4,7.1,183.0,2.3,0.62,209.0,398.0,2012
2780,"KALI AT U/S OF WCPM, DANDELI",KARNATAKA,27.0,7.1,7.4,135.0,1.9,0.72,419.0,995.0,2012
1894,KUMARADHARA NAN U/S OF UPPINAGADY TOWN B/C WITH RIVER NETHRAVATHI,KARNATAKA,32.0,6.7,7.2,103.0,1.0,0.516,11.0,70.0,2012
1892,NETRAVATHI U/S OF DHARMASTALA AT WATER SUPPLY INTAKE POINT,KARNATAKA,30.0,6.8,7.1,106.0,1.0,0.516,13.0,137.0,2012
1150,DAMANGANGA AT KACHIGAON U\S AT GIDC WIER,GUJARAT,27.6,7.1,7.3,212.0,1.4,0.84,3.0,6.0,2011
1246,DAMANGANGA AT KACHIGAON D\S (DAMAN),GUJARAT,28.2,5.0,8.3,12771.0,4.1,1.48,7.0,30.0,2011
1860,BALEHWAR KHADI AT N.H. NO. 8,GUJARAT,28.0,6.7,8.0,304.0,1.5,0.18,1500.0,3550.0,2011
1861,PURNA ON BRIDGE AT SURATNANNAVSARI HIGHWAY,GUJARAT,28.5,5.8,7.7,1315.0,2.5,0.22,1900.0,6800.0,2011
1862,KAVERI ON BRIDGE AT BILLIMORANANVALSAD ROAD,GUJARAT,29.5,5.9,7.6,36593.0,3.9,0.07,1200.0,3200.0,2011
1865,DHADAR AT KOTHADA,GUJARAT,27.0,7.6,7.7,1291.0,10.0,0.34,23.0,77.0,2011
1148,AMBIKA AT BILIMORA,GUJARAT,29.5,6.0,7.7,18865.0,3.6,3.12,900.0,2450.0,2011
1435,"KOLAK AT RAILWAY BRIDGE NO. 313 VAPI,VALSAD",GUJARAT,27.0,4.3,8.4,605.0,6.5,1.68,5.0,15.0,2011
1149,KOLAK AT PATALIA BDG.,GUJARAT,26.7,3.7,8.2,600.0,4.3,1.66,6.0,20.0,2011
1438,MINDHOLA AT STATE HIGHWAY BRIDGE SACHIN,GUJARAT,27.0,4.6,7.2,729.0,4.0,0.33,900.0,2300.0,2011
2082,"TRIVENI SANGAM, NR. SOMNATH TEMPLE, VERAVAL, DIST. JUNAGADH.",GUJARAT,26.8,6.2,8.4,2670.0,1.3,0.24,221.0,468.0,2011
1399,"ZUARI AT D/S OF PT. WHERE KUMBARJRIA CANAL JOINS, GOA",GOA,28.7,6.8,6.5,43.0,1.1,0.42,8.0,178.0,2011
1475,ZUARI AT PANCHAWADI,GOA,29.3,6.6,7.0,59.0,1.1,0.27,8.0,113.0,2011
1400,"MANDOVI AT NEGHBOURHOOD OF PANAJI, GOA",GOA,28.8,6.0,6.2,106.0,1.5,0.28,9.0,166.0,2011
1476,"MANDOVI AT TONCA, MARCELA, GOA",GOA,28.3,5.9,6.6,516.0,1.1,0.18,8.0,169.0,2011
1543,RIVER KALNA AT CHANDELNAN PERNEM,GOA,25.8,7.3,6.1,87.0,0.9,0.33,6.0,169.0,2011
1548,RIVER ASSONORA AT ASSONORA,GOA,28.3,7.3,5.9,74.0,1.5,0.22,8.0,163.0,2011
2276,RIVER BICHOLIM VARAZAN NAGAR,GOA,27.8,6.7,6.3,127.0,2.0,0.44,10.0,149.0,2011
2275,"RIVER CHAPORA NEAR ALORNA FORT ,PERNEM",GOA,26.0,6.8,6.2,226.0,1.6,0.18,9.0,151.0,2011
1546,RIVER KHANDEPAR AT OPA NAN PONDA,GOA,27.8,7.1,5.9,93.0,1.8,0.28,9.0,131.0,2011
2270,"RIVER KHANDEPAR AT CODLI NEAR BRIDGE ,U/S OPA WATERWORKS,SANGUEM",GOA,26.3,7.4,6.2,76.0,1.3,0.41,11.0,133.0,2011
2272,"RIVER KUSHAWATI NEAR BUND AT KEVONA,RIVON,SANGUEM",GOA,25.7,7.3,6.2,113.0,1.2,0.33,9.0,137.0,2011
1545,RIVER MADAI AT DABOS NAN VALPOI,GOA,29.0,7.3,5.9,100.0,1.3,0.27,6.0,173.0,2011
2274,RIVER MAPUSA ON CULVERT ON HIGHWAY MAPUSANANPANAJI,GOA,26.9,6.0,5.9,273.0,1.8,0.31,10.0,171.0,2011
2271,"RIVER SAL PAZORKHONI, CUNCOLIM (NEAR CULVERT MARGAONAN CANACONA NATIONAL HIGHWAY)",GOA,27.0,6.1,6.5,201.0,2.0,0.43,9.0,149.0,2011
2273,"RIVER SAL NEAR HOTEL LEELA MOBOR,CAVELOSSIM",GOA,27.5,6.2,6.3,245.0,1.8,0.31,7.0,135.0,2011
1547,RIVER TALPONA AT CANACONA,GOA,28.3,7.0,6.5,75.0,0.9,0.22,7.0,166.0,2011
1544,"VALVANT AT SANKLI NAN BICHOLIM, GOA",GOA,29.0,7.3,6.0,74.0,1.6,0.11,8.0,181.0,2011
2651,"AMBA RIVER AT D/S OF WAKEN BRIDGENANU/S OF JS PETRO CHEMICALS, WAKENPHATA, ROHA",MAHARASHTRA,28.2,7.1,7.9,108.0,3.3,0.42,65.0,137.0,2011
1461,"BHATSA AT D/S OF PISE DAM NR PISE VILL (ULHAS), MAHARASHTRA",MAHARASHTRA,27.0,7.1,7.7,111.0,4.4,0.32,221.0,468.0,2011
2653,"BHATSA RIVER AT D/S OF LIBERTY OIL MILLS, SATNEL, SHAHAPUR, THANE",MAHARASHTRA,27.4,7.0,8.0,129.0,3.5,0.49,40.0,105.0,2011
2654,"BHATSA RIVER AT U/S OF LIBERTY OIL MILLS, SATNEL, SHAHAPUR, THANE",MAHARASHTRA,27.3,7.0,8.0,130.0,3.3,0.46,33.0,93.0,2011
1092,"KALU AT ATALE VILLAGE, MAHARASHTRA",MAHARASHTRA,28.5,5.7,7.4,2323.0,6.3,1.47,400.0,541.0,2011
2670,"KAN RIVER NEAR SAKRI WATER WORKS, SAKRI, DHULE",MAHARASHTRA,28.4,5.9,7.6,462.0,4.9,2.47,23.0,63.0,2011
1152,"KUNDALIKA AT ROHA CITY, MAHARASHTRA",MAHARASHTRA,28.4,7.0,7.7,107.0,3.8,0.4,131.0,285.0,2011
2198,KUNDALIKA RIVER AT ARE KHURD ( SALINE ZONE ),MAHARASHTRA,28.9,6.2,7.4,299.0,5.1,0.95,209.0,401.0,2011
2671,"KUNDALIKA RIVER NEAR SALAV BRIDGE (SALINA ZONE), SALAV, ROHA, RAIGAD",MAHARASHTRA,28.2,5.9,7.8,33259.0,6.8,1.61,114.0,228.0,2011
2672,"KUNDALIKA RIVER AT DHATAV AT JACKWELL, DHATAV, ROHA, RAIGAD",MAHARASHTRA,28.9,7.2,7.9,77.0,3.2,0.42,164.0,282.0,2011
2168,MITHI RIVER,MAHARASHTRA,27.0,3.2,7.4,28018.0,46.0,1.67,908.0,1164.0,2011
2676,"MUCHKUNDI RIVER AT WAKED NEAR M/S ASAHI INDIA GLASS LTD, WAKED, LANJA, RATNAGIRI",MAHARASHTRA,27.9,6.8,7.8,350.0,2.6,1.99,2.0,72.0,2011
1151,"PATALGANGA AT SHILPHATA, MAHARASHTRA",MAHARASHTRA,26.8,6.9,7.5,133.0,3.2,0.55,252.0,409.0,2011
1462,"PATALGANGA NEAR INTAKE OF MIDC W/W, MAHARASHTRA",MAHARASHTRA,27.2,6.9,7.5,143.0,3.4,0.54,149.0,307.0,2011
2685,"PATALGANGA RIVER AT D/S OF KHARPADA BRIDGE, KHARPADA, KHALAPUR, RAIGAD",MAHARASHTRA,26.8,6.1,6.9,609.0,4.2,3.1,65.0,135.0,2011
2686,"PATALGANGA RIVER AT VYAL PUMP HOUSE, VYAL, KHALAPUR, RAIGAD",MAHARASHTRA,26.9,6.8,7.4,129.0,3.2,0.86,51.0,133.0,2011
2687,"PATALGANGA RIVER AT KHALAPUR PUMPING STATION, KHALAPUR, RAIGAD",MAHARASHTRA,26.8,6.7,7.4,130.0,3.2,0.75,45.0,124.0,2011
2688,"PATALGANGA RIVER AT SAVROLI BRIDGE, KHALAPUR. RAIGAD",MAHARASHTRA,26.9,6.6,7.4,130.0,5.0,0.74,67.0,158.0,2011
2689,"PATALGANGA RIVER AT GAGANGIRI MAHARAJ TEMPLE, KHOPOLI, KHALAPUR, RAIGAD",MAHARASHTRA,26.9,6.7,7.5,120.0,3.6,0.73,85.0,226.0,2011
2696,"PEHLAR DAM ON PEHLAR R. INLET OF WATER WORKS, VASAI, THANE.",MAHARASHTRA,26.2,7.1,7.9,139.0,3.2,0.45,74.0,147.0,2011
2199,SAVITRI RIVER AT OVALE VILLAGE.,MAHARASHTRA,27.4,6.0,7.4,13925.0,59.1,3.08,4.0,116.0,2011
2701,"SAVITRI JACKWELL AT UPSA KENDRE, NANGALWADI, MAHAD, RAIGAD",MAHARASHTRA,26.4,6.7,7.7,274.0,2.3,2.04,5.0,88.0,2011
2702,"SAVITRI AT SHEDAV DOH,,RAIGAD",MAHARASHTRA,26.7,6.3,7.9,326.0,2.5,2.32,2.0,71.0,2011
2703,SAVITRI RIVER AT DADLI BRIDGE,MAHARASHTRA,27.3,6.3,7.9,7392.0,2.4,6.41,4.0,71.0,2011
2704,"SAVITRI RIVER AT MUTHAVALI VILLAGE, MAHAD, RAIGADH",MAHARASHTRA,27.4,6.3,7.7,12051.0,4.4,5.37,4.0,102.0,2011
2706,"SURYA RIVER, U/S OF SURYA DAM, DHAMMI, VIKRAMGAD, THANE",MAHARASHTRA,27.6,7.0,8.3,162.0,3.8,0.48,44.0,90.0,2011
2707,"SURYA RIVER AT MIDC PUMPING STN, GARVASHET, PALGHAR, THANE",MAHARASHTRA,27.5,7.0,8.3,212.0,3.6,0.44,47.0,90.0,2011
2708,"SURYA AT INTAKE OF VASAINANVIRAR W/S SCHEME, MASVAN, PALGHAR",MAHARASHTRA,27.5,7.1,8.3,227.0,3.2,0.48,67.0,124.0,2011
2709,"TANSA RIVER NEAR ROAD BRIDGE, VILLAGE DAKEWALI, WADA, THANE",MAHARASHTRA,26.9,6.8,8.2,314.0,4.3,0.45,28.0,69.0,2011
1093,"ULHAS AT U/S OF NRC BUND AT MOHANE, MAHARASHTRA",MAHARASHTRA,25.9,6.8,7.8,151.0,3.4,0.5,601.0,740.0,2011
1094,ULHAS AT U/S OF BADLAPUR,MAHARASHTRA,25.9,7.0,7.8,123.0,3.4,0.44,42.0,100.0,2011
2162,ULHAS ATJAMBHUL WATER WORKS.,MAHARASHTRA,26.0,6.9,7.8,139.0,3.3,0.76,85.0,169.0,2011
2712,"VAITARNA NEAR ROAD BRIDGE, GANDHARE VILLAGE, WADA, THANE",MAHARASHTRA,26.9,6.8,8.2,313.0,4.0,0.49,49.0,99.0,2011
2164,VASHISTI AT U/S OF THREE M PAPER MILLS NEAR M/S MULTIFILMS PLASTIC PVT. LTD. AT KHERDI.,MAHARASHTRA,24.8,6.7,7.8,215.0,2.5,0.83,2.0,51.0,2011
2713,"VASHISTI AT D/S OF THREE M PAPER MILLS NEAR CHIPLUN WATER INTAKE JACKWELL AT KHERDI, RATNAGIRI.",MAHARASHTRA,26.2,6.7,7.8,204.0,2.5,0.77,2.0,68.0,2011
2714,VASHISTI AT U/S OF POPHALI NR KONPHANSAWANE BRIDGE,MAHARASHTRA,25.3,6.9,7.7,205.0,2.2,0.93,2.0,55.0,2011
1342,ACHENKOIL AT THUMPAMON,KERALA,26.6,7.1,6.9,72.0,0.5,0.25,278.0,641.0,2011
1443,ACHENKOIL AT CHENNITHULA,KERALA,26.8,6.6,6.9,70.0,0.9,0.49,223.0,495.0,2011
2297,R ANCHARAKANDY AT MERUVAMBA,KERALA,26.6,6.9,7.1,52.0,0.8,0.18,46.0,520.0,2011
2319,R ANCHARAKANDY AT MERUVAMBA,KERALA,26.8,7.2,7.0,830.0,0.8,0.16,94.0,654.0,2011
2286,R AYROOR AT AYROOR BRIDGE,KERALA,29.3,6.3,6.9,95.0,1.3,0.99,750.0,1325.0,2011
2331,R BHARATHAPUZHA AT KUTTIPPURAM,KERALA,25.4,7.2,7.4,164.0,0.9,0.46,1325.0,2225.0,2011
2332,R BHARATHAPUZHA AT PATTAMBI,KERALA,25.5,6.9,7.5,231.0,0.8,0.55,1000.0,1725.0,2011
1154,CHALAKUDY AT PULICKALKANANDAVU,KERALA,26.6,6.5,6.9,101.0,1.3,0.47,468.0,1127.0,2011
20,"CHALIYAR AT KOOLIMADU, KERALA",KERALA,24.7,7.1,7.1,64.0,0.6,0.4,283.0,646.0,2011
21,CHALIYAR AT CHUNGAPALLY,KERALA,24.8,7.1,7.1,4600.0,0.6,0.35,229.0,538.0,2011
1572,CHANDRAGIRI AT PADIYATHADKA,KERALA,28.0,7.5,7.2,52.0,0.6,0.15,285.0,900.0,2011
1573,CHITTHRAPUZHA AT IRUMPANAM,KERALA,27.4,2.0,6.8,265.0,2.4,2.3,1525.0,5425.0,2011
2295,R CORAPUZHA AT KANAYANKODE,KERALA,26.0,5.6,7.0,12769.0,1.2,0.41,725.0,1650.0,2011
1564,"ITHIKKARA AT AYUR, KERALA",KERALA,27.4,7.1,7.0,90.0,0.6,0.64,338.0,625.0,2011
2287,R ITHIKKARA AT ITHIKKARA,KERALA,26.5,6.1,7.0,248.0,0.8,0.66,500.0,1150.0,2011
1566,KADALUNDY AT THIRURANGADY,KERALA,28.4,6.0,7.0,94.0,1.1,0.13,183.0,370.0,2011
2293,R KADALUNDI AT HAJIRAPPALLY,KERALA,28.8,6.5,7.5,76.0,0.8,0.08,275.0,585.0,2011
2337,R KADAMBAYAR AT BRAHMAPURAM,KERALA,26.7,1.5,6.6,192.0,3.6,0.92,881.0,2978.0,2011
2338,R KADAMBAYAR AT MANCKAKADAVU,KERALA,26.4,2.0,6.8,79.0,2.4,0.2,456.0,1275.0,2011
42,"KALLADA AT PERUMTHOTTAM KADAVU, PUNALOOR, KERALA",KERALA,26.5,7.2,7.1,52.0,0.6,0.15,298.0,687.0,2011
2294,R KALLAI AT KALLAI BRIDGE,KERALA,25.5,4.0,7.5,25964.0,1.1,0.76,945.0,1588.0,2011
1571,KARINGODE AT KAKKADAVU,KERALA,28.0,7.2,7.3,54.0,0.9,0.25,330.0,610.0,2011
1155,KARAMANA AT MOONNATTUMUKKU,KERALA,28.0,0.8,7.1,1239.0,11.9,1.87,4250.0,11000.0,2011
2289,R KARUVANNURR AT KARUVANNUR BRIDGE,KERALA,27.9,6.4,6.5,58.0,1.3,0.34,255.0,960.0,2011
2301,R KAVVAI AT KUTTIYOL PALAM,KERALA,28.1,6.3,6.8,77.0,1.2,0.16,73.0,208.0,2011
2291,R KEECHERI AT VADAKKANCHERY BRIDGE,KERALA,28.6,5.4,6.6,80.0,1.6,0.27,335.0,775.0,2011
2326,R KORAYAR AT KANJIKODE,KERALA,25.3,5.8,7.8,666.0,1.0,0.24,993.0,1650.0,2011
1569,R KUPPAM AT THALIPARAMBA,KERALA,28.3,6.6,7.2,12768.0,1.1,0.13,88.0,1412.0,2011
2298,R KUPPAM AT RAYAROM,KERALA,26.1,7.7,7.2,44.0,1.0,0.28,29.0,148.0,2011
1567,R KUTTIYADY AT KUTTIYADY ESTATE,KERALA,24.3,7.1,7.0,27.0,0.4,0.11,73.0,218.0,2011
1568,"R MAHE AT VALAYAM, KERALA",KERALA,26.0,7.3,7.2,59.0,0.6,0.19,160.0,465.0,2011
2285,R MAMOM AT MAMOM BRIDGE,KERALA,28.5,7.8,7.1,119.0,0.7,0.87,875.0,1725.0,2011
1340,"MANIMALA AT KALLOOPARA,",KERALA,26.6,7.3,7.1,54.0,1.3,0.41,415.0,913.0,2011
1384,"MANIMALA AT THONDRA, KERALA",KERALA,26.8,7.0,6.6,104.0,1.5,0.49,500.0,1000.0,2011
2307,R MANJESWAR AT BAJRAKKARA BR.,KERALA,28.0,6.0,7.2,92.0,0.7,0.38,765.0,1390.0,2011
1339,"MEENACHIL AT KIDANGOOR, KERALA",KERALA,26.2,6.8,6.6,48.0,0.5,0.44,1225.0,2025.0,2011
2304,R MOGRAL AT MOGRAL BR.,KERALA,28.5,5.6,7.1,20455.0,0.6,0.58,433.0,675.0,2011
43,"MUVATTAPUZHA AT VETTIKKATTUMUKKU, KERALA",KERALA,26.5,7.0,7.0,56.0,1.1,0.43,768.0,1725.0,2011
2302,R NEELASWARAM AT NAMBIARKAL DAM,KERALA,29.3,6.7,6.9,2531.0,0.5,0.22,308.0,465.0,2011
1570,R NEELASWARAM AT HOSDURG,KERALA,29.3,6.2,7.2,15362.0,0.8,0.39,830.0,1303.0,2011
1563,"R NEYYAR AT AMARAVILA, KERALA",KERALA,27.0,7.3,7.2,62.0,0.8,0.95,525.0,985.0,2011
2284,R NEYYAR AT ARUVIPURAM,KERALA,27.3,7.6,7.2,59.0,0.6,0.65,463.0,1163.0,2011
2288,R PALLICKAL AT NELLIMUKAL,KERALA,27.9,6.4,6.8,83.0,0.5,0.42,175.0,575.0,2011
1156,"PAMBA AT CHENGANNUR, KERALA",KERALA,27.8,7.0,6.6,50.0,0.6,0.75,295.0,578.0,2011
1341,"PAMBA AT THAKAZHY, KERALA",KERALA,27.8,6.7,6.8,76.0,1.2,1.21,310.0,625.0,2011
1565,"PAMBA DOWN, KERALA",KERALA,28.3,6.7,6.6,64.0,0.9,1.35,428.0,838.0,2011
17,PERIYAR NEAR ALWAYENANELOOR,KERALA,27.5,5.6,6.9,943.0,1.5,0.4,655.0,1925.0,2011
18,"PERIYAR AT KALADY, KERALA",KERALA,26.3,7.4,7.0,38.0,0.9,0.26,386.0,1196.0,2011
1338,"PERIYAR AT SEWAGE DISCHARGE POINT, KERALA",KERALA,27.0,6.7,6.9,43.0,1.0,0.3,1043.0,2750.0,2011
2333,RIVER PERIYAR AT MUPPATHADAM,KERALA,27.4,7.1,7.3,48.0,1.5,0.36,595.0,1775.0,2011
2334,RIVER PERIYAR AT PATHALAM,KERALA,27.0,6.2,6.8,309.0,1.6,0.39,1129.0,2725.0,2011
2335,R PERIYAR AT KALAMASSERY,KERALA,27.4,5.2,6.8,61.0,1.8,0.33,1123.0,2650.0,2011
2336,R PERIYAR AT PURAPPALLIKAVU,KERALA,27.3,6.8,6.9,995.0,1.1,0.24,349.0,1258.0,2011
2300,R PERUVAMBA AT CHANDAPPURA,KERALA,27.0,6.8,6.9,52.0,0.9,0.45,39.0,198.0,2011
2303,R PULLUR AT PULLUR BR.,KERALA,27.8,6.2,6.6,44.0,0.7,0.21,715.0,1630.0,2011
2290,R PUZHACKAL AT PUZHACKAL BRIDGE,KERALA,28.4,4.5,6.5,77.0,1.1,0.34,400.0,2675.0,2011
2299,R RAMAPURAM AT RAMAPURAM BRIDGE,KERALA,28.8,4.0,7.0,19279.0,0.9,0.03,98.0,233.0,2011
2305,R SHRIYA AT ANGADIMOGARU,KERALA,28.8,7.0,7.4,69.0,1.0,0.12,230.0,660.0,2011
2296,R THALLASSERY AT PATHIPPALAM,KERALA,25.9,6.5,6.8,58.0,0.5,0.24,303.0,1026.0,2011
2292,R THIRUR AT THALAKKADATHUR BRIDGE,KERALA,28.0,4.6,6.9,98.0,0.6,0.11,168.0,348.0,2011
2306,R UPPALA AT UPPALA BR.,KERALA,28.5,6.6,7.3,12327.0,0.6,0.71,1326.0,2210.0,2011
1442,"VAMANAPURAM, KERALA",KERALA,28.8,7.1,7.0,51.0,1.0,0.78,750.0,1700.0,2011
1444,"KALI AT D/S WEST COAST PAPER MILL, KARNATAKA",KARNATAKA,28.3,7.3,7.1,241.0,2.9,1.17,100.0,185.0,2011
2780,"KALI AT U/S OF WCPM, DANDELI, KARNATAKA",KARNATAKA,27.5,7.7,7.4,121.0,1.4,0.64,378.0,1255.0,2011
1894,KUMARADHARA NAN U/S OF UPPINAGADY TOWN BEFORE CONFLUENCE WITH RIVER NETHRAVATHI,KARNATAKA,30.5,6.5,7.3,64.0,1.0,2.6,236.0,420.0,2011
1892,NETRAVATHI U/S OF DHARMASTALA AT WATER SUPPLY INTAKE POINT,KARNATAKA,29.5,6.9,7.4,57.0,1.0,1.28,46.0,409.0,2011
1450,"PALAR AT VANIYAMBADI WATER SUPPLY HEAD WORK, TAMILNADU",TAMIL NADU,28.4,6.3,7.6,830.0,1.8,0.24,738.0,2020.0,2011
1159,"TAMBIRAPARANI AT BDG.NR. MADURA COATS LTD.PAPAVINASAM,TAMILNADU",TAMIL NADU,24.0,7.4,7.6,104.0,1.2,0.09,221.0,468.0,2011
1860,BALEHWAR KHADI AT N.H. NO. 8,GUJARAT,26.0,5.1,8.1,533.0,3.7,0.45,3900.0,7500.0,2010
1861,RIVER PURNA ON BRIDGE AT SURATNANNAVSARI HIGHWAY,GUJARAT,27.0,7.1,8.0,555.0,2.0,0.35,7500.0,15000.0,2010
1862,RIVER KAVERI ON BRIDGE AT BILLIMORANANVALSAD ROAD,GUJARAT,27.0,6.8,8.2,26600.0,3.1,0.62,9000.0,23000.0,2010
1865,RIVER DHADAR AT KOTHADA,GUJARAT,29.3,8.1,7.6,938.0,8.6,0.4,22.0,108.0,2010
1148,"AMBIKA AT BILIMORA,",GUJARAT,28.4,6.2,7.8,7778.0,2.7,0.26,2880.0,6581.0,2010
1434,"AMLAKHADI AFTER CONFL. OF W. WATER FROM ANKLESH,",GUJARAT,32.0,6.7,7.2,1440.0,46.0,0.2,80.0,330.0,2010
1438,"MINDHOLA AT STATE HIGHWAY BRIDGE SACHIN,",GUJARAT,28.3,3.2,7.7,885.0,6.3,0.51,3900.0,9575.0,2010
1571,"KAKKADAVU, KERALA",KERALA,27.1,7.5,7.3,53.0,0.8,0.31,1253.0,2225.0,2010
1150,"DAMANGANGA AT KACHIGAON U\S AT GIDC WIER,GUJARAT",GUJARAT,25.0,7.2,7.8,262.0,0.28,0.15,19.0,50.0,2008
1246,"DAMANGANGA AT KACHIGAON D\S (DAMAN),GUJARAT",GUJARAT,25.0,4.9,7.4,10362.0,9.7,0.64,14.0,29.0,2008
1148,"AMBIKA AT BILIMORA, GUJARAT",GUJARAT,29.0,6.8,8.0,3431.0,2.8,0.3,32120.0,49061.0,2008
1149,"KOLAK AT PATALIA BDG., GUJARAT",GUJARAT,25.0,4.5,7.6,1161.0,7.43,0.53,99.0,259.0,2008
1435,"KOLAK AT RAILWAY BRIDGE NO. 313 VAPI,VALSAD, GUJARAT",GUJARAT,25.0,6.0,7.3,8838.0,5.58,0.7,14.0,31.0,2008
1434,"AMLAKHADI AFTER CONFL. OF W. WATER FROM ANKLESH,GUJARAT",GUJARAT,30.0,0.0,7.1,3080.0,46.0,4.8,3000.0,9000.0,2008
1438,"MINDHOLA AT STATE HIGHWAY BRIDGE SACHIN, GUJARAT",GUJARAT,28.0,2.8,7.9,663.0,5.93,0.97,150250.0,358000.0,2008
1436,"BHADAR D/S JETPUR VILL. AFTER CONF. OF W.WATER FROM JETPUR CITY,GUJARAT",GUJARAT,29.0,5.6,8.0,1265.0,2.13,0.1,503.0,1693.0,2008
1399,"ZUARI AT D/S OF PT. WHERE KUMBARJRIA CANAL JOINS, GOA",GOA,30.0,6.6,7.8,37.0,2.25,0.01,10.0,13.0,2008
1476,"MANDOVI AT TONCA, MARCELA, GOA",GOA,27.0,6.5,7.5,28.0,4.55,0.05,20.0,44.0,2008
1400,"MANDOVI AT NEGHBOURHOOD OF PANAJI, GOA",GOA,28.0,7.1,8.0,49.0,1.25,0.02,3.0,7.0,2008
1543,"RIVER KALNA AT CHANDELNAN PERNEM, GOA",GOA,26.0,7.6,7.3,93.0,0.95,0.03,240.0,350.0,2008
1544,"RIVER VALVANT AT SANKLI NAN BICHOLIM, GOA",GOA,26.0,7.4,7.0,67.0,2.45,0.13,467.0,809.0,2008
1545,"RIVER MADAI AT DABOS NAN VALPOI, GOA",GOA,27.0,7.0,7.3,89.0,1.5,0.02,30.0,42.0,2008
1546,"RIVER KHANDEPAR AT OPA NAN PONDA, GOA",GOA,28.0,6.7,7.2,95.0,1.4,0.1,18.0,22.0,2008
1547,"RIVER TALPONA AT CANACONA, GOA",GOA,28.0,6.8,6.9,58.0,1.9,0.03,25.0,53.0,2008
1548,"RIVER ASSONORA AT ASSONORA, GOA",GOA,25.0,5.6,6.8,67.0,1.9,0.06,82.0,137.0,2008
1093,"ULHAS AT U/S OF NRC BUND AT MOHANE, MAHARASHTRA",MAHARASHTRA,26.0,6.3,7.6,119.0,3.67,0.37,157.0,781.0,2008
1094,"ULHAS AT U/S OF BADLAPUR, MAHARASHTRA",MAHARASHTRA,27.0,6.4,7.6,109.0,3.4,0.42,95.0,316.0,2008
1461,"BHATSA AT D/S OF PISE DAM NEAR PISE VILLAGE (ULHAS), MAHARASHTRA",MAHARASHTRA,25.0,5.3,7.7,109.0,3.25,0.38,165.0,296.0,2008
1092,"KALU AT ATALE VILLAGE, MAHARASHTRA",MAHARASHTRA,26.0,6.0,7.8,301.0,5.43,0.3,166.0,1050.0,2008
1462,"PATALGANGA NEAR INTAKE OF MIDC W/W, MAHARASHTRA",MAHARASHTRA,22.0,6.6,7.2,131.0,4.5,0.83,285.0,737.0,2008
1151,"PATALGANGA AT SHILPHATA, MAHARASHTRA",MAHARASHTRA,22.0,6.8,7.2,110.0,3.9,0.49,480.0,1036.0,2008
1152,"KUNDALIKA AT ROHA CITY, MAHARASHTRA",MAHARASHTRA,27.0,6.7,7.6,109.0,4.13,0.28,260.0,624.0,2008
17,"PERIYAR NEAR ALWAYENANELOOR, KERALA",KERALA,29.0,6.2,6.5,1638.0,1.5,0.8,349.0,816.0,2008
18,"PERIYAR AT KALADY, KERALA",KERALA,28.0,7.3,6.6,36.0,0.6,0.41,304.0,1056.0,2008
1338,"PERIYAR AT SEWAGE DISCHARGE POINT, KERALA",KERALA,28.0,6.4,6.7,41.0,1.0,0.75,443.0,1179.0,2008
20,"CHALIYAR AT KOOLIMADU, KERALA",KERALA,27.0,6.8,6.9,80.0,0.4,0.52,207.0,508.0,2008
21,"CHALIYAR AT CHUNGAPALLY, KERALA",KERALA,27.0,6.8,7.0,4515.0,0.4,1.53,184.0,427.0,2008
42,"KALLADA AT PERUMTHOTTAMKADAVU, PUNALOOR, KERALA",KERALA,29.0,7.7,7.2,47.0,1.0,2.0,253.0,452.0,2008
43,"MUVATTAPUZHA AT VETTIKKATTUMUKKU, KERALA",KERALA,29.0,7.1,6.8,57.0,1.5,1.12,230.0,681.0,2008
1156,"PAMBA AT CHENGANNUR, KERALA",KERALA,26.0,6.7,6.2,40.0,0.6,1.0,425.0,1100.0,2008
1341,"PAMBA AT THAKAZHY, KERALA",KERALA,26.0,5.8,6.3,65.0,1.1,2.97,525.0,1200.0,2008
1565,"PAMBA DOWN, KERALA",KERALA,26.0,5.1,6.3,50.0,1.0,3.1,700.0,1600.0,2008
1339,"MEENACHIL AT KIDANGOOR, KERALA",KERALA,26.0,6.6,6.2,42.0,0.6,1.97,475.0,925.0,2008
1340,"MANIMALA AT KALLOOPARA, KERALA",KERALA,27.0,6.6,6.4,43.0,0.7,3.13,400.0,975.0,2008
1384,"MANIMALA AT THONDRA, KERALA",KERALA,27.0,6.7,6.4,50.0,0.5,3.6,500.0,1175.0,2008
1342,"ACHENKOIL AT THUMPAMON, KERALA",KERALA,26.0,6.6,6.3,46.0,0.6,1.07,624.0,1010.0,2008
1443,"ACHENKOIL AT CHENNITHULA, KERALA",KERALA,27.0,5.9,6.4,54.0,0.7,3.53,375.0,985.0,2008
1442,"VAMANAPURAM, KERALA",KERALA,27.0,7.6,6.7,55.0,0.7,4.17,295.0,1575.0,2008
1563,"AMARAVILA, KERALA",KERALA,27.0,6.5,6.7,72.0,0.8,2.83,30.0,775.0,2008
1564,"AYUR, KERALA",KERALA,29.0,7.3,7.4,71.0,0.7,4.1,490.0,940.0,2008
1566,"THIRURANGADY, KERALA",KERALA,27.0,6.3,6.7,79.0,0.7,2.03,190.0,702.0,2008
1567,"KUTTIYADY ESTATE, KERALA",KERALA,26.0,6.9,6.6,33.0,0.4,1.4,0.0,28.0,2008
1568,"VALAYAM, KERALA",KERALA,27.0,6.8,6.7,46.0,0.4,1.47,30.0,150.0,2008
1569,"THALIPARAMBA, KERALA",KERALA,29.0,5.9,7.1,6666.0,0.7,4.13,118.0,393.0,2008
1570,"HOSDURG, KERALA",KERALA,28.0,6.4,7.1,17771.0,1.0,5.2,760.0,1865.0,2008
1571,"KAKKADAVU, KERALA",KERALA,28.0,7.3,6.7,62.0,0.9,2.8,293.0,920.0,2008
1572,"PADIYATHADKA, KERALA",KERALA,28.0,7.6,6.6,61.0,0.5,3.4,85.0,503.0,2008
1573,"IRUMPANAM, KERALA",KERALA,30.0,2.4,6.7,221.0,2.1,3.97,220.0,660.0,2008
1444,"KALI AT D/S WEST COAST PAPER MILL, KARNATAKA",KARNATAKA,26.0,6.9,7.3,252.0,4.33,1.0,322.0,858.0,2008
1150,"DAMANGANGA AT KACHIGAON U\S AT GIDC WIER,GUJARAT",GUJARAT,25.0,7.0,7.7,448.0,0.4,0.2,17.0,42.0,2007
1246,"DAMANGANGA AT KACHIGAON D\S (DAMAN),GUJARAT",GUJARAT,25.0,4.8,7.5,20360.0,8.8,0.2,23.0,65.0,2007
1148,"AMBIKA AT BILIMORA, GUJARAT",GUJARAT,30.0,6.2,8.0,899.0,3.1,0.516,10275.0,16500.0,2007
1149,"KOLAK AT PATALIA BDG., GUJARAT",GUJARAT,26.0,4.8,7.6,14426.0,10.4,0.1,32.0,148.0,2007
1435,"KOLAK AT RAILWAY BRIDGE NO. 313 VAPI,VALSAD, GUJARAT",GUJARAT,27.0,6.2,7.4,29920.0,3.6,0.2,14.0,41.0,2007
1438,"MINDHOLA AT STATE HIGHWAY BRIDGE SACHIN, GUJARAT",GUJARAT,27.0,4.2,7.8,589.0,4.0,0.516,23575.0,50250.0,2007
1399,"ZUARI AT D/S OF PT. WHERE KUMBARJRIA CANAL JOINS, GOA",GOA,30.0,6.8,7.5,2870.0,2.5,0.1,582.0,1114.0,2007
1476,"MANDOVI AT TONCA, MARCELA, GOA",GOA,29.0,6.5,7.1,3110.0,1.6,0.1,1243.0,2056.0,2007
1400,"MANDOVI AT NEGHBOURHOOD OF PANAJI, GOA",GOA,29.0,6.4,7.7,44000.0,2.3,0.1,814.0,1287.0,2007
1543,"RIVER KALNA AT CHANDELNAN PERNEM, GOA",GOA,27.0,7.2,7.2,70.0,1.6,0.1,1554.0,2887.0,2007
1544,"RIVER VALVANT AT SANKLI NAN BICHOLIM, GOA",GOA,28.0,7.2,6.8,60.0,2.1,0.1,5778.0,10403.0,2007
1545,"RIVER MADAI AT DABOS NAN VALPOI, GOA",GOA,28.0,7.4,7.1,80.0,1.4,0.1,475.0,1010.0,2007
1546,"RIVER KHANDEPAR AT OPA NAN PONDA, GOA",GOA,28.0,7.2,6.9,80.0,1.3,0.1,1009.0,1938.0,2007
1547,"RIVER TALPONA AT CANACONA, GOA",GOA,29.0,7.4,7.0,66.0,2.0,0.1,700.0,1451.0,2007
1548,"RIVER ASSONORA AT ASSONORA, GOA",GOA,28.0,6.3,6.6,66.0,1.6,0.1,1427.0,3293.0,2007
1093,"ULHAS AT U/S OF NRC BUND AT MOHANE, MAHARASHTRA",MAHARASHTRA,26.0,6.4,7.3,103.0,4.0,0.24,126.0,753.0,2007
1094,"ULHAS AT U/S OF BADLAPUR, MAHARASHTRA",MAHARASHTRA,27.0,6.7,7.4,103.0,3.9,0.22,64.0,644.0,2007
1461,"BHATSA AT D/S OF PISE DAM NEAR PISE VILLAGE (ULHAS), MAHARASHTRA",MAHARASHTRA,28.0,6.6,7.5,97.0,3.7,0.25,16.0,169.0,2007
1092,"KALU AT ATALE VILLAGE, MAHARASHTRA",MAHARASHTRA,28.0,5.7,7.2,531.0,5.3,0.75,116.0,456.0,2007
1462,"PATALGANGA NEAR INTAKE OF MIDC W/W, MAHARASHTRA",MAHARASHTRA,25.0,6.4,7.1,113.0,3.9,0.47,60.0,400.0,2007
1151,"PATALGANGA AT SHILPHATA, MAHARASHTRA",MAHARASHTRA,25.0,6.6,7.2,88.0,3.9,0.45,228.0,1146.0,2007
1152,"KUNDALIKA AT ROHA CITY, MAHARASHTRA",MAHARASHTRA,22.0,6.2,7.3,117.0,4.0,0.5,169.0,638.0,2007
17,"PERIYAR NEAR ALWAYENANELOOR, KERALA",KERALA,28.0,5.5,6.6,1314.0,1.7,0.4,290.0,668.0,2007
18,"PERIYAR AT KALADY, KERALA",KERALA,27.0,7.5,6.8,32.0,0.8,0.3,200.0,738.0,2007
1338,"PERIYAR AT SEWAGE DISCHARGE POINT, KERALA",KERALA,28.0,6.7,6.8,42.0,1.0,0.4,230.0,804.0,2007
20,"CHALIYAR AT KOOLIMADU, KERALA",KERALA,28.0,6.9,6.7,73.0,0.5,0.2,688.0,1242.0,2007
21,"CHALIYAR AT CHUNGAPALLY, KERALA",KERALA,28.0,6.8,6.9,7920.0,0.5,0.2,391.0,813.0,2007
42,"KALLADA AT PERUMTHOTTAMKADAVU, PUNALOOR, KERALA",KERALA,29.0,7.4,7.2,49.0,1.1,0.3,327.0,641.0,2007
43,"MUVATTAPUZHA AT VETTIKKATTUMUKKU, KERALA",KERALA,28.0,7.2,6.8,58.0,1.5,0.3,173.0,556.0,2007
1154,"CHALAKUDY AT PULICKALKANANDAVU, KERALA",KERALA,29.0,6.8,6.6,115.0,2.0,0.5,148.0,635.0,2007
1155,"KARAMANA AT MOONNATTUMUKKU, KERALA",KERALA,28.0,0.8,6.8,2156.0,7.4,1.0,14825.0,20733.0,2007
1156,"PAMBA AT CHENGANNUR, KERALA",KERALA,26.0,7.1,6.1,34.0,0.6,0.5,1300.0,1975.0,2007
1341,"PAMBA AT THAKAZHY, KERALA",KERALA,26.0,5.9,6.2,52.0,0.5,0.6,1100.0,1775.0,2007
1565,"PAMBA DOWN, KERALA",KERALA,26.0,5.1,6.2,55.0,1.1,0.4,1275.0,2000.0,2007
1339,"MEENACHIL AT KIDANGOOR, KERALA",KERALA,26.0,6.7,6.2,43.0,0.7,0.4,1325.0,2100.0,2007
1340,"MANIMALA AT KALLOOPARA, KERALA",KERALA,26.0,5.8,6.2,34.0,0.6,0.3,975.0,1625.0,2007
1384,"MANIMALA AT THONDRA, KERALA",KERALA,26.0,6.4,6.2,39.0,0.7,0.4,1375.0,1900.0,2007
1342,"ACHENKOIL AT THUMPAMON, KERALA",KERALA,26.0,6.6,6.3,41.0,0.6,0.3,1033.0,1442.0,2007
1443,"ACHENKOIL AT CHENNITHULA, KERALA",KERALA,26.0,5.4,6.2,47.0,0.7,0.5,1250.0,1825.0,2007
1442,"VAMANAPURAM, KERALA",KERALA,28.0,6.7,6.7,80.0,1.3,0.5,1655.0,3050.0,2007
1563,"AMARAVILA, KERALA",KERALA,27.0,6.4,7.0,112.0,1.4,0.7,3850.0,5725.0,2007
1564,"AYUR, KERALA",KERALA,29.0,6.3,7.1,83.0,1.0,0.4,643.0,1080.0,2007
1566,"THIRURANGADY, KERALA",KERALA,28.0,6.2,6.5,95.0,0.8,1.2,1075.0,2550.0,2007
1567,"KUTTIYADY ESTATE, KERALA",KERALA,28.0,6.9,6.4,41.0,0.5,0.2,83.0,285.0,2007
1568,"VALAYAM, KERALA",KERALA,27.0,6.8,6.5,51.0,0.5,0.2,98.0,435.0,2007
1569,"THALIPARAMBA, KERALA",KERALA,28.0,6.6,6.9,11654.0,0.7,0.3,338.0,963.0,2007
1570,"HOSDURG, KERALA",KERALA,28.0,7.0,7.2,11962.0,0.3,0.3,68.0,550.0,2007
1571,"KAKKADAVU, KERALA",KERALA,28.0,7.5,6.9,52.0,0.5,0.2,138.0,685.0,2007
1572,"PADIYATHADKA, KERALA",KERALA,28.0,7.4,6.8,68.0,0.3,0.2,160.0,725.0,2007
1573,"IRUMPANAM, KERALA",KERALA,29.0,2.8,6.6,1239.0,2.3,0.6,263.0,645.0,2007
1444,"KALI AT D/S WEST COAST PAPER MILL, KARNATAKA",KARNATAKA,27.0,7.3,7.3,152.0,2.0,1.28,333.0,998.0,2007
1150,"DAMANGANGA AT KACHIGAON U\S AT GIDC WIER,GUJARAT",GUJARAT,25.0,7.102,7.945,307.5,1.525,0.11,26.0,50.0,2006
1246,"DAMANGANGA AT KACHIGAON D\S (DAMAN),GUJARAT",GUJARAT,25.5,3.487,7.015,25950.0,9.2,0.228,378.0,1400.0,2006
1148,"AMBIKA AT BILIMORA, GUJARAT",GUJARAT,29.0,5.6,8.173,3660.0,4.6,0.46,4500.0,6867.0,2006
1149,"KOLAK AT PATALIA BDG., GUJARAT",GUJARAT,26.5,6.085,7.695,933.0,3.2,0.153,450.0,1550.0,2006
1435,"KOLAK AT RAILWAY BRIDGE NO. 313 VAPI,VALSAD, GUJARAT",GUJARAT,26.5,6.055,7.605,6715.0,4.3,0.222,45.0,140.0,2006
1434,"AMLAKHADI AFTER CONFL. OF W. WATER FROM ANKLESH,GUJARAT",GUJARAT,28.0,6.7,7.215,15580.0,431.5,0.395,7.0,8.0,2006
1436,"BHADAR D/S JETPUR VILL. AFTER CONF. OF W.WATER FROM JETPUR CITY,GUJARAT",GUJARAT,27.0,7.93,8.32,2160.0,1.46,0.277,4.0,5.0,2006
1438,"MINDHOLA AT STATE HIGHWAY BRIDGE SACHIN, GUJARAT",GUJARAT,25.667,4.9,7.943,504.7,3.1,0.603,1810.0,2367.0,2006
1399,"ZUARI AT D/S OF PT. WHERE KUMBARJRIA CANAL JOINS, GOA",GOA,27.75,6.625,7.725,149.3,2.175,0.123,2.0,60.0,2006
1476,"MANDOVI AT TONCA, MARCELA, GOA",GOA,30.0,6.4,7.45,142.8,2.025,0.155,1787.0,4073.0,2006
1400,"MANDOVI AT NEGHBOURHOOD OF PANAJI, GOA",GOA,28.25,6.2,7.9,218.0,1.575,0.615,221.0,85.0,2006
1543,"RIVER KALNA AT CHANDELNAN PERNEM, GOA",GOA,26.667,7.4,6.733,344.3,1.7,0.9,33.0,160.0,2006
1544,"RIVER VALVANT AT SANKLI NAN BICHOLIM, GOA",GOA,28.75,7.6,6.775,213.3,1.3,0.173,133.0,3275.0,2006
1545,"RIVER MADAI AT DABOS NAN VALPOI, GOA",GOA,28.0,7.35,7.1,214.8,1.425,0.15,41.0,285.0,2006
1546,"RIVER KHANDEPAR AT OPA NAN PONDA, GOA",GOA,28.25,7.675,6.875,103.3,1.025,3.367,18.0,96.0,2006
1547,"RIVER TALPONA AT CANACONA, GOA",GOA,27.25,7.125,7.55,418.3,1.725,0.45,18.0,106.0,2006
1548,"RIVER ASSONORA AT ASSONORA, GOA",GOA,28.5,7.0,6.725,497.3,1.575,0.135,1956.0,5425.0,2006
1093,"ULHAS AT U/S OF NRC BUND AT MOHANE, MAHARASHTRA",MAHARASHTRA,27.714,6.543,7.229,130.4,4.014,0.307,8.0,187.0,2006
1094,"ULHAS AT U/S OF BADLAPUR, MAHARASHTRA",MAHARASHTRA,28.714,6.7,7.307,121.5,3.857,0.264,9.0,162.0,2006
1461,"BHATSA AT D/S OF PISE DAM NEAR PISE VILLAGE (ULHAS), MAHARASHTRA",MAHARASHTRA,28.667,7.1,7.507,102.5,4.633,0.21,10.0,152.0,2006
1092,"KALU AT ATALE VILLAGE, MAHARASHTRA",MAHARASHTRA,26.667,6.333,7.277,542.0,5.4,7.187,15.0,207.0,2006
1462,"PATALGANGA NEAR INTAKE OF MIDC W/W, MAHARASHTRA",MAHARASHTRA,26.714,6.471,7.379,204.3,3.729,0.309,10.0,174.0,2006
1151,"PATALGANGA AT SHILPHATA, MAHARASHTRA",MAHARASHTRA,28.286,6.371,7.061,214.0,4.5,0.346,18.0,292.0,2006
1152,"KUNDALIKA AT ROHA CITY, MAHARASHTRA",MAHARASHTRA,19.333,6.7,7.44,153.3,4.4,0.65,23.0,305.0,2006
17,"PERIYAR NEAR ALWAYENANELOOR, KERALA",KERALA,29.083,6.2,6.457,881.1,1.757,0.326,253.0,541.0,2006
18,"PERIYAR AT KALADY, KERALA",KERALA,27.417,7.286,6.586,82.9,1.071,0.233,222.0,470.0,2006
1338,"PERIYAR AT SEWAGE DISCHARGE POINT, KERALA",KERALA,27.286,6.525,6.5,124.1,1.313,0.227,334.0,844.0,2006
20,"CHALIYAR AT KOOLIMADU, KERALA",KERALA,28.6,6.917,6.95,185.4,0.467,0.112,165.0,433.0,2006
21,"CHALIYAR AT CHUNGAPALLY, KERALA",KERALA,28.667,6.8,7.043,8489.9,0.414,0.153,238.0,473.0,2006
42,"KALLADA AT PERUMTHOTTAMKADAVU, PUNALOOR, KERALA",KERALA,27.786,7.075,7.25,107.3,0.988,0.369,238.0,384.0,2006
43,"MUVATTAPUZHA AT VETTIKKATTUMUKKU, KERALA",KERALA,28.143,7.013,6.712,151.4,1.4,0.397,262.0,485.0,2006
1154,"CHALAKUDY AT PULICKALKANANDAVU, KERALA",KERALA,27.5,6.787,6.65,119.3,1.637,0.4,294.0,574.0,2006
1155,"KARAMANA AT MOONNATTUMUKKU, KERALA",KERALA,28.571,4.1,6.775,511.4,6.788,1.373,2150.0,3100.0,2006
1156,"PAMBA AT CHENGANNUR, KERALA",KERALA,27.0,6.9,6.8,224.0,0.733,0.438,2000.0,2500.0,2006
1341,"PAMBA AT THAKAZHY, KERALA",KERALA,26.5,6.867,6.833,292.7,0.633,0.575,1900.0,2400.0,2006
1565,"PAMBA DOWN, KERALA",KERALA,26.25,6.467,6.6,240.0,1.033,0.66,2100.0,2733.0,2006
1339,"MEENACHIL AT KIDANGOOR, KERALA",KERALA,26.75,6.667,6.933,268.0,0.933,0.893,2333.0,3300.0,2006
1340,"MANIMALA AT KALLOOPARA, KERALA",KERALA,26.75,6.967,6.933,268.0,0.833,0.4,1600.0,2233.0,2006
1384,"MANIMALA AT THONDRA, KERALA",KERALA,26.5,6.733,6.867,324.0,0.933,0.455,1973.0,2233.0,2006
1342,"ACHENKOIL AT THUMPAMON, KERALA",KERALA,27.0,6.714,6.957,143.4,0.671,0.449,1457.0,2171.0,2006
1443,"ACHENKOIL AT CHENNITHULA, KERALA",KERALA,26.75,6.733,6.733,242.7,0.9,0.743,1867.0,2833.0,2006
1442,"VAMANAPURAM, KERALA",KERALA,28.0,7.233,6.867,75.7,1.1,0.853,1600.0,2300.0,2006
1563,"AMARAVILA, KERALA",KERALA,27.0,6.233,6.9,104.7,0.867,1.267,1300.0,2233.0,2006
1564,"AYUR, KERALA",KERALA,28.5,6.867,7.067,336.7,0.533,0.285,60.0,455.0,2006
1566,"THIRURANGADY, KERALA",KERALA,28.5,6.433,6.667,339.3,0.6,0.292,440.0,967.0,2006
1567,"KUTTIYADY ESTATE, KERALA",KERALA,29.0,7.033,6.533,141.3,0.533,0.135,193.0,740.0,2006
1568,"VALAYAM, KERALA",KERALA,28.75,6.633,7.067,237.0,0.633,0.45,337.0,800.0,2006
1569,"THALIPARAMBA, KERALA",KERALA,28.0,6.833,7.0,18389.0,0.7,0.345,173.0,583.0,2006
1570,"HOSDURG, KERALA",KERALA,29.5,6.333,7.167,24535.7,0.7,0.332,140.0,447.0,2006
1571,"KAKKADAVU, KERALA",KERALA,28.0,7.033,7.033,241.0,0.267,0.232,345.0,1260.0,2006
1572,"PADIYATHADKA, KERALA",KERALA,28.5,7.0,7.133,302.0,0.7,0.168,323.0,933.0,2006
1573,"IRUMPANAM, KERALA",KERALA,29.0,3.5,6.567,1285.3,2.133,0.347,220.0,443.0,2006
1444,"KALI AT D/S WEST COAST PAPER MILL, KARNATAKA",KARNATAKA,27.25,6.825,7.125,299.3,3.667,1.525,316.0,771.0,2006
,"DAMANGANGA AT KACHIGAON U\S AT GIDC WIER,GUJARAT",GUJARAT,26.0,7.2,7.84,342.8,1.764,0.528,78.0,230.0,2005
,"DAMANGANGA AT KACHIGAON D\S (DAMAN),GUJARAT",GUJARAT,27.0,5.0,7.22,18370.3,19.663,0.452,9625.0,13525.0,2005
,"ZUARI AT D/S OF PT. WHERE KUMBARJRIA CANAL JOINS, GOA",GOA,29.0,7.2,7.42,246.9,4.632,0.791,10011.0,118311.0,2005
,"MANDOVI AT TONCA, MARCELA, GOA",GOA,29.0,7.8,6.69,255.9,2.754,0.348,13.0,140.0,2005
,"MANDOVI AT NEGHBOURHOOD OF PANAJI, GOA",GOA,29.0,6.7,7.35,346.1,1.893,0.973,13.0,148.0,2005
,"RIVER KALNA AT CHANDELNAN PERNEM, GOA",GOA,28.0,8.3,6.68,348.9,2.503,1.686,13.0,155.0,2005
,"RIVER VALVANT AT SANKLI NAN BICHOLIM, GOA",GOA,28.0,8.1,6.18,187.4,2.375,0.196,12.0,155.0,2005
,"RIVER MADAI AT DABOS NAN VALPOI, GOA",GOA,29.0,7.7,6.55,121.8,2.242,1.136,13.0,164.0,2005
,"RIVER KHANDEPAR AT OPA NAN PONDA, GOA",GOA,29.0,8.6,6.56,181.4,2.423,0.276,24.0,155.0,2005
,"RIVER TALPONA AT CANACONA, GOA",GOA,28.0,7.7,6.45,302.5,2.144,0.163,10.0,142.0,2005
,"RIVER ASSONORA AT ASSONORA, GOA",GOA,28.0,7.4,6.07,142.8,1.681,0.276,12.0,140.0,2005
,"AMBIKA AT BILIMORA, GUJARAT",GUJARAT,27.0,7.0,8.16,4545.0,4.165,0.343,9593.0,27550.0,2005
,"KOLAK AT PATALIA BDG., GUJARAT",GUJARAT,27.0,5.9,7.36,761.0,6.1,0.083,1200.0,4600.0,2005
,"KOLAK AT RAILWAY BRIDGE NO. 313 VAPI,VALSAD, GUJARAT",GUJARAT,27.0,4.1,7.57,29369.3,7.08,0.302,1035.0,1993.0,2005
,"AMLAKHADI AFTER CONFL. OF W. WATER FROM ANKLESH,GUJARAT",GUJARAT,27.0,3.9,5.27,5914.0,441.8,0.512,3.0,10.0,2005
,"BHADAR D/S JETPUR VILL. AFTER CONF. OF W.WATER FROM JETPUR CITY,GUJARAT",GUJARAT,27.0,5.7,7.62,665.0,2.12,0.86,1050.0,6000.0,2005
,"MINDHOLA AT STATE HIGHWAY BRIDGE SACHIN, GUJARAT",GUJARAT,27.0,6.1,8.0,602.5,5.64,1.035,38143.0,38428.0,2005
,"KALI AT D/S WEST COAST PAPER MILL, KARNATAKA",KARNATAKA,27.0,7.1,7.2,280.5,1.6,0.48,74.0,95.0,2005
,"PERIYAR NEAR ALWAYENANELOOR, KERALA",KERALA,27.0,5.9,6.6,1359.5,1.755,0.326,170.0,387.0,2005
,"PERIYAR AT KALADY, KERALA",KERALA,27.0,7.4,6.68,39.3,1.164,0.204,125.0,298.0,2005
,"PERIYAR AT SEWAGE DISCHARGE POINT, KERALA",KERALA,27.0,7.1,6.75,41.9,1.325,0.18,147.0,378.0,2005
,"CHALIYAR AT KOOLIMADU, KERALA",KERALA,27.0,6.8,6.92,70.8,0.458,0.117,151.0,353.0,2005
,"CHALIYAR AT CHUNGAPALLY, KERALA",KERALA,27.0,6.8,6.98,7179.1,0.475,0.206,211.0,466.0,2005
,"KALLADA AT PERUMTHOTTAMKADAVU, PUNALOOR, KERALA",KERALA,27.0,6.8,7.03,36.8,1.117,0.146,118.0,624.0,2005
,"MUVATTAPUZHA AT VETTIKKATTUMUKKU, KERALA",KERALA,27.0,7.2,6.76,59.8,1.692,0.449,127.0,357.0,2005
,"CHALAKUDY AT PULICKALKANANDAVU, KERALA",KERALA,27.0,6.2,6.63,106.8,1.275,0.444,128.0,360.0,2005
,"KARAMANA AT MOONNATTUMUKKU, KERALA",KERALA,27.0,6.6,6.77,250.7,1.383,1.54,2433.0,3383.0,2005
,"PAMBA AT CHENGANNUR, KERALA",KERALA,27.0,6.9,6.95,51.3,0.625,0.518,1525.0,3100.0,2005
,"PAMBA AT THAKAZHY, KERALA",KERALA,27.0,6.0,6.75,641.0,0.975,0.792,1900.0,3600.0,2005
,"PAMBA DOWN, KERALA",KERALA,27.0,5.4,6.85,73.3,1.075,0.457,4955.0,8375.0,2005
,"MEENACHIL AT KIDANGOOR, KERALA",KERALA,27.0,6.7,6.93,65.0,0.675,0.77,2100.0,4200.0,2005
,"MANIMALA AT KALLOOPARA, KERALA",KERALA,27.0,6.9,6.85,56.3,0.575,0.383,1933.0,3400.0,2005
,"MANIMALA AT THONDRA, KERALA",KERALA,27.0,6.5,6.98,59.3,0.575,0.345,1333.0,2600.0,2005
,"ACHENKOIL AT THUMPAMON, KERALA",KERALA,27.0,6.8,7.06,63.3,0.567,0.404,1769.0,2825.0,2005
,"ACHENKOIL AT CHENNITHULA, KERALA",KERALA,27.0,5.8,6.73,73.0,0.7,0.315,1925.0,3500.0,2005
,"VAMANAPURAM, KERALA",KERALA,27.0,6.8,6.8,69.8,0.7,0.61,1100.0,1775.0,2005
,"AMARAVILA, KERALA",KERALA,27.0,7.1,6.83,80.0,0.7,0.835,850.0,1475.0,2005
,"AYUR, KERALA",KERALA,27.0,6.3,7.15,65.5,1.05,0.223,98.0,595.0,2005
,"THIRURANGADY, KERALA",KERALA,27.0,6.3,6.95,77.5,0.65,0.208,253.0,775.0,2005
,"KUTTIYADY ESTATE, KERALA",KERALA,27.0,6.9,6.65,34.0,0.5,0.095,130.0,215.0,2005
,"VALAYAM, KERALA",KERALA,27.0,6.4,6.75,49.3,0.675,0.193,197.0,350.0,2005
,"THALIPARAMBA, KERALA",KERALA,27.0,6.8,7.35,18568.3,1.15,0.14,215.0,660.0,2005
,"HOSDURG, KERALA",KERALA,27.0,6.8,7.08,19740.8,0.975,0.165,127.0,515.0,2005
,"KAKKADAVU, KERALA",KERALA,27.0,7.1,6.98,58.3,0.55,0.152,123.0,510.0,2005
,"PADIYATHADKA, KERALA",KERALA,27.0,7.0,7.23,67.5,0.425,0.09,140.0,453.0,2005
,"IRUMPANAM, KERALA",KERALA,27.0,2.4,6.43,1041.3,2.025,1.05,133.0,373.0,2005
,"ULHAS AT U/S OF NRC BUND AT MOHANE, MAHARASHTRA",MAHARASHTRA,27.0,6.7,7.56,128.4,4.942,0.447,11.0,250.0,2005
,"ULHAS AT U/S OF BADLAPUR, MAHARASHTRA",MAHARASHTRA,27.0,6.8,7.68,123.2,4.475,0.4,12.0,236.0,2005
,"BHATSA AT D/S OF PISE DAM NEAR PISE VILLAGE (ULHAS), MAHARASHTRA",MAHARASHTRA,27.0,6.5,7.33,135.8,4.4,0.33,13.0,208.0,2005
,"KALU AT ATALE VILLAGE, MAHARASHTRA",MAHARASHTRA,27.0,5.1,7.45,5168.8,9.875,1.81,7.0,210.0,2005
,"PATALGANGA NEAR INTAKE OF MIDC W/W, MAHARASHTRA",MAHARASHTRA,27.0,6.5,7.34,128.5,5.125,0.819,11.0,230.0,2005
,"PATALGANGA AT SHILPHATA, MAHARASHTRA",MAHARASHTRA,27.0,6.6,7.47,143.8,4.958,0.667,16.0,358.0,2005
,"KUNDALIKA AT ROHA CITY, MAHARASHTRA",MAHARASHTRA,27.0,6.6,7.75,136.8,4.5,0.505,15.0,203.0,2005
1399,"ZUARI AT D/S OF PT. WHERE KUMBARJRIA CANAL JOINS, GOA",GOA,29.0,7.5,442.0,6.7,3.4,0.516,221.0,132.0,2004
1476,"MANDOVI AT TONCA, MARCELA, GOA",GOA,29.0,7.2,216.0,7.1,1.8,0.516,221.0,167.0,2003
1400,"MANDOVI AT NEGHBOURHOOD OF PANAJI, GOA",GOA,29.0,7.9,352.0,4.5,4.2,0.516,221.0,158.0,2003
1543,"RIVER KALNA AT CHANDELNAN PERNEM, GOA",GOA,28.0,7.0,86.0,7.8,4.7,0.1,0.1,145.0,2003
1544,"RIVER VALVANT AT SANKLI NAN BICHOLIM, GOA",GOA,29.0,6.8,65.0,7.5,1.8,0.516,221.0,171.0,2003
1545,"RIVER MADAI AT DABOS NAN VALPOI, GOA",GOA,28.0,7.1,101.0,7.8,2.0,0.1,0.1,138.0,2003
1546,"RIVER KHANDEPAR AT OPA NAN PONDA, GOA",GOA,27.0,7.0,78.0,7.6,1.8,0.516,221.0,145.0,2003
1547,"RIVER TALPONA AT CANACONA, GOA",GOA,29.0,7.2,60.0,8.0,1.9,0.516,221.0,151.0,2003
1548,"RIVER ASSONORA AT ASSONORA, GOA",GOA,28.0,6.6,76.0,7.1,1.9,0.516,221.0,169.0,2003
1150,"DAMANGANGA AT KACHIGAON U\S AT GIDC WIER,GUJARAT",GUJARAT,28.0,8.0,368.0,7.4,1.0,0.516,221.0,554.0,2003
1246,"DAMANGANGA AT KACHIGAON D\S (DAMAN),GUJARAT",GUJARAT,28.0,7.5,21331.0,3.6,11.7,0.516,221.0,14109.0,2003
1148,"AMBIKA AT BILIMORA, GUJARAT",GUJARAT,30.0,8.0,1708.0,7.8,3.5,0.516,221.0,2051.0,2003
1149,"KOLAK AT PATALIA BDG., GUJARAT",GUJARAT,28.0,7.5,1175.0,5.7,4.0,0.516,221.0,3900.0,2003
1435,"KOLAK AT RAILWAY BRIDGE NO. 313 VAPI,VALSAD, GUJARAT",GUJARAT,28.0,7.5,67115.0,5.0,5.5,0.516,221.0,3425.0,2003
1434,"AMLAKHADI AFTER CONFL. OF W. WATER FROM ANKLESH,GUJARAT",GUJARAT,27.0,4.0,9948.0,0.4,513.5,0.516,221.0,35.0,2003
1436,"BHADAR D/S JETPUR VILL. AFTER CONF. OF W.WATER FROM JETPUR CITY,GUJARAT",GUJARAT,28.0,7.7,1148.0,4.8,6.9,2.0,2.0,10050.0,2003
1438,"MINDHOLA AT STATE HIGHWAY BRIDGE SACHIN, GUJARAT",GUJARAT,28.0,8.0,590.0,4.8,1.8,0.516,221.0,2873.0,2003
1444,"KALI AT D/S WEST COAST PAPER MILL, KARNATAKA",KARNATAKA,27.0,7.7,440.0,6.5,2.4,0.9,0.9,688.0,2003
17,"PERIYAR AT ALWAYE, KERALA",KERALA,28.0,6.4,1579.0,5.8,1.7,0.513,0.513,959.0,2003
18,"PERIYAR AT KALADY, KERALA",KERALA,27.0,6.8,62.0,7.5,1.5,0.221,0.221,892.0,2003
1338,"PERIYAR AT SEWAGE DISCHARGE POINT, KERALA",KERALA,28.0,6.9,44.0,6.8,1.0,0.151,0.151,734.0,2003
20,"CHALIYAR AT KOOLIMADU, KERALA",KERALA,28.0,6.9,62.0,6.8,0.4,0.21,0.21,802.0,2003
21,"CHALIYAR AT KALLAPALLY, KERALA",KERALA,28.0,7.0,9416.0,6.7,0.5,0.241,0.241,832.0,2003
42,"KALLADA AT PANATHOTTUM KADAVU, PUNALOOR, KERALA",KERALA,24.0,6.9,39.0,6.9,1.1,0.195,0.195,958.0,2003
43,"MUVATTAPUZHA AT VETTIKKATTUMUKKU, KERALA",KERALA,28.0,7.1,53.0,6.9,1.4,0.367,0.367,632.0,2003
1154,"CHALAKUDY AT PULICKALKANANDAVU, KERALA",KERALA,28.0,6.9,102.0,6.4,1.2,0.335,0.335,608.0,2003
1155,"KARMANA AT MOONNATHNANMUKKU, KERALA",KERALA,27.0,6.8,437.0,5.7,1.1,0.922,0.922,2933.0,2003
1156,"PAMBA AT CHENGANNUR, KERALA",KERALA,27.0,7.3,58.0,7.0,0.6,0.367,0.367,3025.0,2003
1341,"PAMBA AT KALLOOPARA, KERALA",KERALA,26.0,6.9,1835.0,5.9,1.2,0.61,0.61,2400.0,2003
1565,"PAMBA DOWN, KERALA",KERALA,27.0,6.8,60.0,5.0,0.9,0.475,0.475,3050.0,2003
1339,"MEENACHIL AT KIDANGOOR, KERALA",KERALA,29.0,7.2,80.0,6.8,0.8,0.252,0.252,12750.0,2003
1340,"MANIMALA AT KALLOOPARA, KERALA",KERALA,27.0,7.0,42.0,7.3,0.4,0.347,0.347,3800.0,2003
1384,"MANIMALA AT THONDRA, KERALA",KERALA,26.0,7.0,51.0,6.7,0.5,0.3,0.3,2900.0,2003
1342,"ACHENKOIL AT THUMPAMON, KERALA",KERALA,26.0,7.1,58.0,6.8,0.5,0.337,0.337,3000.0,2003
1443,"ACHENKOIL AT CHENNITHULA, KERALA",KERALA,26.0,7.0,63.0,6.4,0.6,0.278,0.278,3550.0,2003
1442,"VAMANAPURAM, KERALA",KERALA,27.0,6.8,72.0,6.6,0.6,0.53,0.53,1350.0,2003
1563,"AMARAVILA, KERALA",KERALA,26.0,6.8,83.0,6.5,0.9,0.417,0.417,1350.0,2003
1564,"AYUR, KERALA",KERALA,24.0,7.0,69.0,6.4,1.2,0.222,0.222,1400.0,2003
1566,"THIRURANGADY, KERALA",KERALA,28.0,6.8,88.0,6.9,0.9,0.307,0.307,1600.0,2003
1567,"KUTTIYADY ESTATE, KERALA",KERALA,27.0,6.9,31.0,7.0,0.5,0.164,0.164,158.0,2003
1568,"VALAYUM, KERALA",KERALA,27.0,6.8,46.0,6.9,0.5,0.149,0.149,905.0,2003
1569,"THALIPARAMBA, KERALA",KERALA,26.0,7.2,20850.0,6.5,0.9,0.477,0.477,1475.0,2003
1570,"HOSDURG, KERALA",KERALA,25.0,7.0,24336.0,6.7,1.1,0.529,0.529,620.0,2003
1571,"KAKKADAVU, KERALA",KERALA,25.0,7.1,77.0,7.2,0.3,0.411,0.411,985.0,2003
1572,"PADIYATHADKA, KERALA",KERALA,25.0,7.1,76.0,7.0,0.4,0.167,0.167,735.0,2003
1573,"IRUPANAM, KERALA",KERALA,29.0,6.5,3384.0,3.7,1.9,0.757,0.757,643.0,2003
1093,"ULHAS AT U/S OF NRC BUND AT MOHANE,MAHARASHTRA",MAHARASHTRA,26.0,7.7,280.0,6.6,5.7,0.994,0.994,223.0,2003
1094,"ULHAS AT U/S OF BADLAPUR, MAHARASHTRA",MAHARASHTRA,27.0,7.8,183.0,6.9,5.0,0.497,0.497,211.0,2003
1461,"BHATSA AT D/S OF PISE DAM NEAR PISE VILLAGE (ULHAS), MAHARASHTRA",MAHARASHTRA,24.0,7.7,107.0,6.8,5.2,0.386,0.386,208.0,2003
1092,"KALU AT ATALE VILLAGE, MAHARASHTRA",MAHARASHTRA,25.0,7.5,185.0,5.6,6.5,0.514,0.514,224.0,2003
1462,"PATALGANGA NEAR INTAKE OF MIDC W/W, MAHARASHTRA",MAHARASHTRA,27.0,7.3,157.0,6.0,5.6,0.603,0.603,221.0,2003
1151,"PATALGANGA AT SHILPHATA, MAHARASHTRA",MAHARASHTRA,28.0,7.4,150.0,6.3,6.0,0.614,0.614,269.0,2003
1152,"KUNDALIKA AT ROHA CITY, MAHARASHTRA",MAHARASHTRA,26.0,7.4,139.0,5.8,5.9,0.453,0.453,213.0,2003
